{"type":"FeatureCollection","features":[
{"type":"Feature","properties":{"osmId":"way/108852560","kind":"tertiary","name":"Chestnut Street"},"geometry":{"type":"LineString","coordinates":[[-88.315084,36.617045],[-88.315251,36.617039],[-88.315818,36.61702],[-88.315937,36.617015],[-88.31607,36.617012],[-88.316213,36.617009],[-88.316267,36.617009],[-88.316484,36.617004],[-88.316658,36.617002],[-88.317317,36.616972],[-88.317576,36.616962],[-88.318695,36.616933],[-88.319366,36.616905],[-88.319596,36.616892],[-88.319814,36.616879],[-88.320361,36.616863],[-88.32062,36.616848],[-88.320744,36.616834],[-88.320864,36.616812],[-88.32097,36.616785],[-88.321342,36.61665],[-88.321465,36.616615],[-88.321564,36.616596],[-88.321597,36.616589],[-88.321761,36.61657],[-88.321891,36.616568],[-88.322019,36.616579],[-88.32223,36.616617],[-88.322488,36.616681],[-88.322628,36.61671],[-88.322764,36.61673],[-88.32285,36.616737],[-88.322923,36.616743]]}},
{"type":"Feature","properties":{"osmId":"way/108852564","kind":"residential","name":"North 16th Street"},"geometry":{"type":"LineString","coordinates":[[-88.324331,36.622768],[-88.324332,36.623676],[-88.324323,36.624204],[-88.32432,36.624377],[-88.324313,36.625683],[-88.324318,36.626072],[-88.3243,36.627966],[-88.324301,36.630418],[-88.324283,36.631611],[-88.324289,36.632324]]}},
{"type":"Feature","properties":{"osmId":"way/108852619","kind":"tertiary","name":"Chestnut Street"},"geometry":{"type":"LineString","coordinates":[[-88.302112,36.617423],[-88.303041,36.617406],[-88.304497,36.617362],[-88.305107,36.617343],[-88.305904,36.617311],[-88.307106,36.617262],[-88.307194,36.617259],[-88.308485,36.617218],[-88.308969,36.617206],[-88.309559,36.617191],[-88.310924,36.617157],[-88.311221,36.61715],[-88.311436,36.617145],[-88.311637,36.61714],[-88.311827,36.617135],[-88.312725,36.61711],[-88.312968,36.617104],[-88.313517,36.617088],[-88.313781,36.617081],[-88.31401,36.617075],[-88.314232,36.617069],[-88.314252,36.617068],[-88.314384,36.617064],[-88.314458,36.617063],[-88.314597,36.617059],[-88.314929,36.617049],[-88.315084,36.617045]]}},
{"type":"Feature","properties":{"osmId":"way/108852636","kind":"residential","name":"North 18th Street"},"geometry":{"type":"LineString","coordinates":[[-88.330242,36.621392],[-88.330416,36.621201],[-88.330443,36.62115],[-88.330453,36.621098],[-88.330453,36.621046],[-88.330433,36.618751],[-88.330439,36.617013]]}},
{"type":"Feature","properties":{"osmId":"way/108852643","kind":"trunk","name":"North 12th Street"},"geometry":{"type":"LineString","coordinates":[[-88.314839,36.624106],[-88.314817,36.624383],[-88.314779,36.624804],[-88.314748,36.625044],[-88.314697,36.625349],[-88.314636,36.625646],[-88.314632,36.625666],[-88.314609,36.625759],[-88.314562,36.62595],[-88.314481,36.626238],[-88.31439,36.626523],[-88.314298,36.626783],[-88.31419,36.627059],[-88.31416,36.627131],[-88.31411,36.627249],[-88.314013,36.627462],[-88.313953,36.627594],[-88.31378,36.627975]]}},
{"type":"Feature","properties":{"osmId":"way/108852644","kind":"tertiary","name":"North 16th Street"},"geometry":{"type":"LineString","coordinates":[[-88.324383,36.616721],[-88.324372,36.617659],[-88.32437,36.617756],[-88.324358,36.618525],[-88.324354,36.61909],[-88.324353,36.619334],[-88.324346,36.619662],[-88.324344,36.61978],[-88.324325,36.621258]]}},
{"type":"Feature","properties":{"osmId":"way/108852650","kind":"trunk","name":"South 12th Street"},"geometry":{"type":"LineString","coordinates":[[-88.315317,36.595565],[-88.315311,36.596093],[-88.31531,36.596213],[-88.315307,36.596501],[-88.315306,36.596607],[-88.315305,36.596694],[-88.315297,36.597068],[-88.315271,36.598356],[-88.315259,36.59899],[-88.315249,36.599364],[-88.315231,36.600007],[-88.31521,36.601738],[-88.31521,36.602237],[-88.315211,36.602847],[-88.315211,36.603383],[-88.315211,36.603627],[-88.315212,36.603864],[-88.315212,36.6042],[-88.315212,36.604661],[-88.315213,36.60496],[-88.315214,36.605531],[-88.315214,36.60567],[-88.315215,36.606151],[-88.315215,36.606325],[-88.315215,36.606508],[-88.315216,36.606952],[-88.31522,36.608505],[-88.315221,36.608721],[-88.315222,36.609329],[-88.315224,36.609994],[-88.315224,36.61005],[-88.315225,36.610571]]}},
{"type":"Feature","properties":{"osmId":"way/1106451992","kind":"service","oneway":true},"geometry":{"type":"LineString","coordinates":[[-88.315956,36.615648],[-88.31601,36.615658],[-88.316125,36.615652]]}},
{"type":"Feature","properties":{"osmId":"way/1106451993","kind":"service","oneway":true},"geometry":{"type":"LineString","coordinates":[[-88.315864,36.615616],[-88.315956,36.615648]]}},
{"type":"Feature","properties":{"osmId":"way/1106451994","kind":"service","oneway":true},"geometry":{"type":"LineString","coordinates":[[-88.315751,36.615526],[-88.31579,36.615585],[-88.315864,36.615616]]}},
{"type":"Feature","properties":{"osmId":"way/1106451995","kind":"service"},"geometry":{"type":"LineString","coordinates":[[-88.315967,36.615584],[-88.31597,36.615201]]}},
{"type":"Feature","properties":{"osmId":"way/1106451996","kind":"service"},"geometry":{"type":"LineString","coordinates":[[-88.316206,36.615194],[-88.31621,36.615676]]}},
{"type":"Feature","properties":{"osmId":"way/1106451997","kind":"service"},"geometry":{"type":"LineString","coordinates":[[-88.315744,36.615208],[-88.315751,36.615526],[-88.315868,36.615549],[-88.315967,36.615584],[-88.316061,36.615617],[-88.316125,36.615652],[-88.316171,36.615677],[-88.31621,36.615676],[-88.316431,36.615671],[-88.316428,36.615187]]}},
{"type":"Feature","properties":{"osmId":"way/1106452001","kind":"service"},"geometry":{"type":"LineString","coordinates":[[-88.315115,36.61592],[-88.315436,36.615941],[-88.315811,36.615958],[-88.315878,36.615986]]}},
{"type":"Feature","properties":{"osmId":"way/1106452002","kind":"service"},"geometry":{"type":"LineString","coordinates":[[-88.315878,36.615986],[-88.316082,36.615999],[-88.316227,36.616044],[-88.316305,36.61612]]}},
{"type":"Feature","properties":{"osmId":"way/1106452003","kind":"service","service":"parking_aisle"},"geometry":{"type":"LineString","coordinates":[[-88.316267,36.617009],[-88.316261,36.616915],[-88.316258,36.616806],[-88.316259,36.616645],[-88.31629,36.616591],[-88.3163,36.616574],[-88.316301,36.616474]]}},
{"type":"Feature","properties":{"osmId":"way/1117054303","kind":"service"},"geometry":{"type":"LineString","coordinates":[[-88.329197,36.621809],[-88.329195,36.621998]]}},
{"type":"Feature","properties":{"osmId":"way/1117054304","kind":"service","oneway":true},"geometry":{"type":"LineString","coordinates":[[-88.329305,36.623519],[-88.329313,36.622768]]}},
{"type":"Feature","properties":{"osmId":"way/1117054305","kind":"service","oneway":true},"geometry":{"type":"LineString","coordinates":[[-88.329089,36.622767],[-88.329079,36.623447],[-88.329085,36.623586]]}},
{"type":"Feature","properties":{"osmId":"way/1117054306","kind":"service","oneway":true},"geometry":{"type":"LineString","coordinates":[[-88.329091,36.622078],[-88.329089,36.622767]]}},
{"type":"Feature","properties":{"osmId":"way/1117054307","kind":"service"},"geometry":{"type":"LineString","coordinates":[[-88.329089,36.622767],[-88.329313,36.622768]]}},
{"type":"Feature","properties":{"osmId":"way/1117054308","kind":"service"},"geometry":{"type":"LineString","coordinates":[[-88.329855,36.623616],[-88.329305,36.623519]]}},
{"type":"Feature","properties":{"osmId":"way/1117054309","kind":"service"},"geometry":{"type":"LineString","coordinates":[[-88.329085,36.623586],[-88.328777,36.623596]]}},
{"type":"Feature","properties":{"osmId":"way/1117054310","kind":"service"},"geometry":{"type":"LineString","coordinates":[[-88.329085,36.623586],[-88.329243,36.623566],[-88.329305,36.623519]]}},
{"type":"Feature","properties":{"osmId":"way/1117095452","kind":"service","service":"parking_aisle"},"geometry":{"type":"LineString","coordinates":[[-88.342609,36.61761],[-88.34261,36.618119],[-88.342585,36.618269],[-88.34252,36.618462],[-88.342495,36.618827],[-88.34249,36.61894],[-88.342486,36.619056],[-88.342479,36.61924],[-88.342476,36.619328],[-88.342469,36.619413],[-88.342461,36.619514],[-88.341837,36.619501],[-88.34184,36.619374],[-88.341844,36.619197],[-88.341528,36.619185],[-88.340081,36.619137]]}},
{"type":"Feature","properties":{"osmId":"way/1117095453","kind":"service","service":"parking_aisle"},"geometry":{"type":"LineString","coordinates":[[-88.340084,36.618928],[-88.342486,36.619056]]}},
{"type":"Feature","properties":{"osmId":"way/1117095454","kind":"service","service":"parking_aisle"},"geometry":{"type":"LineString","coordinates":[[-88.34249,36.61894],[-88.342251,36.618929],[-88.340085,36.618826]]}},
{"type":"Feature","properties":{"osmId":"way/1117095455","kind":"service"},"geometry":{"type":"LineString","coordinates":[[-88.338515,36.623951],[-88.338635,36.623563],[-88.33869,36.623327],[-88.338679,36.623069],[-88.338605,36.622871],[-88.338557,36.622751],[-88.33857,36.622192],[-88.338588,36.621899],[-88.338646,36.621782],[-88.338743,36.621724],[-88.338903,36.621707],[-88.339097,36.621719],[-88.339576,36.621745]]}},
{"type":"Feature","properties":{"osmId":"way/1165118175","kind":"residential","oneway":true},"geometry":{"type":"LineString","coordinates":[[-88.318369,36.620056],[-88.318367,36.620034],[-88.318357,36.620019],[-88.318339,36.620007],[-88.31832,36.619999],[-88.318299,36.619997],[-88.318275,36.619998],[-88.318248,36.620005],[-88.318229,36.620022],[-88.318222,36.620039],[-88.31822,36.620058],[-88.318223,36.620075],[-88.318232,36.620092],[-88.318249,36.620104],[-88.31827,36.620111],[-88.318293,36.620114],[-88.318312,36.620112],[-88.318337,36.620105],[-88.318353,36.620094],[-88.318364,36.620078],[-88.318369,36.620056]]}},
{"type":"Feature","properties":{"osmId":"way/1174228898","kind":"service"},"geometry":{"type":"LineString","coordinates":[[-88.339576,36.621745],[-88.340267,36.621793],[-88.340432,36.621806],[-88.340656,36.621805],[-88.340846,36.621769],[-88.341112,36.621671],[-88.341374,36.621562],[-88.341564,36.621443],[-88.341699,36.621318],[-88.341762,36.621189],[-88.341796,36.620952],[-88.341812,36.620372],[-88.341837,36.619501]]}},
{"type":"Feature","properties":{"osmId":"way/1255276713","kind":"service","service":"driveway"},"geometry":{"type":"LineString","coordinates":[[-88.329251,36.606611],[-88.329231,36.606552],[-88.32928,36.60645],[-88.329298,36.606437],[-88.329316,36.606424],[-88.329358,36.606391],[-88.329611,36.606393]]}},
{"type":"Feature","properties":{"osmId":"way/1279413564","kind":"primary","name":"Main Street"},"geometry":{"type":"LineString","coordinates":[[-88.334512,36.607626],[-88.333592,36.607755],[-88.333328,36.607792],[-88.332854,36.607865],[-88.332082,36.608001],[-88.329635,36.608514],[-88.329237,36.608595],[-88.328589,36.60872],[-88.32834,36.608762],[-88.3281,36.608803],[-88.328074,36.608807],[-88.327274,36.608935],[-88.326945,36.608982],[-88.324357,36.609358],[-88.323258,36.609499],[-88.321893,36.609681],[-88.321816,36.609692],[-88.321074,36.609791],[-88.321006,36.609801],[-88.320805,36.609828],[-88.320767,36.609833],[-88.320349,36.609887],[-88.319961,36.609937],[-88.319662,36.609979],[-88.318591,36.610137],[-88.317572,36.610282],[-88.317256,36.610332],[-88.317198,36.610341],[-88.317023,36.610366],[-88.316717,36.610409],[-88.316617,36.610423],[-88.316485,36.610442],[-88.316244,36.610477],[-88.316153,36.61049],[-88.315885,36.610521],[-88.315477,36.610557],[-88.315225,36.610571]]}},
{"type":"Feature","properties":{"osmId":"way/1299539414","kind":"service","service":"parking_aisle"},"geometry":{"type":"LineString","coordinates":[[-88.314454,36.621698],[-88.314186,36.621693]]}},
{"type":"Feature","properties":{"osmId":"way/1299539415","kind":"service","service":"parking_aisle"},"geometry":{"type":"LineString","coordinates":[[-88.313622,36.621682],[-88.313376,36.621677]]}},
{"type":"Feature","properties":{"osmId":"way/1299539418","kind":"service"},"geometry":{"type":"LineString","coordinates":[[-88.314602,36.622784],[-88.314904,36.622791]]}},
{"type":"Feature","properties":{"osmId":"way/1332856070","kind":"service","service":"driveway"},"geometry":{"type":"LineString","coordinates":[[-88.332182,36.62225],[-88.33221,36.622174],[-88.332247,36.621889],[-88.332317,36.62144],[-88.332391,36.621283],[-88.332523,36.62111],[-88.332658,36.621017],[-88.332845,36.620996],[-88.333172,36.621015]]}},
{"type":"Feature","properties":{"osmId":"way/1332856071","kind":"service"},"geometry":{"type":"LineString","coordinates":[[-88.331887,36.622171],[-88.331919,36.62207],[-88.331931,36.621907],[-88.331938,36.621826],[-88.331944,36.621755],[-88.332007,36.621453],[-88.332086,36.621291],[-88.332079,36.621205],[-88.332025,36.621154],[-88.331952,36.621109],[-88.331816,36.621086],[-88.331681,36.621118],[-88.331579,36.621173],[-88.331547,36.62124],[-88.331566,36.621468],[-88.331612,36.621527],[-88.331614,36.621706],[-88.331629,36.621754],[-88.331677,36.621792],[-88.331797,36.621817],[-88.331938,36.621826]]}},
{"type":"Feature","properties":{"osmId":"way/1332856072","kind":"service"},"geometry":{"type":"LineString","coordinates":[[-88.331887,36.622171],[-88.331843,36.62235],[-88.331799,36.622537],[-88.331708,36.622659],[-88.331556,36.622776],[-88.331463,36.62289],[-88.331463,36.623288]]}},
{"type":"Feature","properties":{"osmId":"way/1332856073","kind":"service"},"geometry":{"type":"LineString","coordinates":[[-88.331195,36.622002],[-88.331174,36.622171],[-88.330788,36.622134],[-88.330736,36.622146],[-88.330701,36.622171],[-88.330681,36.622216],[-88.330668,36.622591],[-88.330695,36.622678],[-88.331188,36.622702]]}},
{"type":"Feature","properties":{"osmId":"way/1332856074","kind":"service","service":"parking_aisle"},"geometry":{"type":"LineString","coordinates":[[-88.330695,36.622678],[-88.330685,36.622845],[-88.330683,36.62286],[-88.330678,36.622985],[-88.33069,36.623012],[-88.330723,36.623024],[-88.331119,36.623023],[-88.331164,36.623006],[-88.331182,36.622963],[-88.331184,36.622855],[-88.330685,36.622845]]}},
{"type":"Feature","properties":{"osmId":"way/1332856075","kind":"service","service":"parking_aisle"},"geometry":{"type":"LineString","coordinates":[[-88.331184,36.622855],[-88.331188,36.622702]]}},
{"type":"Feature","properties":{"osmId":"way/1332856076","kind":"service"},"geometry":{"type":"LineString","coordinates":[[-88.331174,36.622171],[-88.331183,36.622256],[-88.33117,36.62238]]}},
{"type":"Feature","properties":{"osmId":"way/1332856077","kind":"service","service":"driveway"},"geometry":{"type":"LineString","coordinates":[[-88.332767,36.62241],[-88.332746,36.622501],[-88.332691,36.622575],[-88.332547,36.622601]]}},
{"type":"Feature","properties":{"osmId":"way/1332856078","kind":"service"},"geometry":{"type":"LineString","coordinates":[[-88.333516,36.622928],[-88.333327,36.622922],[-88.33327,36.623014],[-88.33317,36.623083],[-88.33311,36.6231],[-88.333056,36.623096],[-88.33297,36.623054],[-88.332859,36.622919],[-88.33285,36.62287],[-88.332876,36.622793],[-88.332958,36.622725],[-88.333065,36.622688],[-88.333183,36.622712],[-88.333303,36.622771],[-88.333327,36.622922]]}},
{"type":"Feature","properties":{"osmId":"way/1332856079","kind":"service","service":"driveway"},"geometry":{"type":"LineString","coordinates":[[-88.331113,36.621985],[-88.331153,36.621876],[-88.331166,36.62179],[-88.33118,36.621438]]}},
{"type":"Feature","properties":{"osmId":"way/1332856080","kind":"service","service":"driveway"},"geometry":{"type":"LineString","coordinates":[[-88.331166,36.62179],[-88.330944,36.621737],[-88.330779,36.62169],[-88.330697,36.621648],[-88.330671,36.621593],[-88.330676,36.621485],[-88.330682,36.621322]]}},
{"type":"Feature","properties":{"osmId":"way/1354305970","kind":"service"},"geometry":{"type":"LineString","coordinates":[[-88.32813,36.617809],[-88.32659,36.617741],[-88.326524,36.61775],[-88.326471,36.617782],[-88.326027,36.618123]]}},
{"type":"Feature","properties":{"osmId":"way/1354305972","kind":"service"},"geometry":{"type":"LineString","coordinates":[[-88.333308,36.617151],[-88.333361,36.616848],[-88.333372,36.616753],[-88.333363,36.616367]]}},
{"type":"Feature","properties":{"osmId":"way/1354305973","kind":"service"},"geometry":{"type":"LineString","coordinates":[[-88.318326,36.608422],[-88.318328,36.608796]]}},
{"type":"Feature","properties":{"osmId":"way/1354305974","kind":"service"},"geometry":{"type":"LineString","coordinates":[[-88.321053,36.608356],[-88.321065,36.607044]]}},
{"type":"Feature","properties":{"osmId":"way/1354305975","kind":"service"},"geometry":{"type":"LineString","coordinates":[[-88.321897,36.607845],[-88.321481,36.607856]]}},
{"type":"Feature","properties":{"osmId":"way/1374057068","kind":"service"},"geometry":{"type":"LineString","coordinates":[[-88.318174,36.615118],[-88.318169,36.614986],[-88.318161,36.614792],[-88.318155,36.614643],[-88.318151,36.614624],[-88.318137,36.614613],[-88.318115,36.614606],[-88.317251,36.614618],[-88.317176,36.614619],[-88.316811,36.614625]]}},
{"type":"Feature","properties":{"osmId":"way/1374057069","kind":"service"},"geometry":{"type":"LineString","coordinates":[[-88.317265,36.615146],[-88.317261,36.614996],[-88.317256,36.614806],[-88.317251,36.614618]]}},
{"type":"Feature","properties":{"osmId":"way/1374057070","kind":"service"},"geometry":{"type":"LineString","coordinates":[[-88.317176,36.614619],[-88.317172,36.614493],[-88.317166,36.614477],[-88.31715,36.614469],[-88.317127,36.614466],[-88.316851,36.614473],[-88.316823,36.614479],[-88.316811,36.614491],[-88.316808,36.614514],[-88.316811,36.614625],[-88.316815,36.614812],[-88.316819,36.614966],[-88.316824,36.614985],[-88.316842,36.614994],[-88.316862,36.615],[-88.317261,36.614996],[-88.318169,36.614986]]}},
{"type":"Feature","properties":{"osmId":"way/1374057071","kind":"service","service":"parking_aisle"},"geometry":{"type":"LineString","coordinates":[[-88.316815,36.614812],[-88.317256,36.614806],[-88.318161,36.614792]]}},
{"type":"Feature","properties":{"osmId":"way/1374057072","kind":"service"},"geometry":{"type":"LineString","coordinates":[[-88.316622,36.614442],[-88.316191,36.614442]]}},
{"type":"Feature","properties":{"osmId":"way/1374058816","kind":"service"},"geometry":{"type":"LineString","coordinates":[[-88.326044,36.622337],[-88.325945,36.622049],[-88.325939,36.622006],[-88.325939,36.621964],[-88.325943,36.621724],[-88.325951,36.621711],[-88.325968,36.621706],[-88.326391,36.621709],[-88.326416,36.621716],[-88.326423,36.621733],[-88.32642,36.621966],[-88.32642,36.622024],[-88.326488,36.62224]]}},
{"type":"Feature","properties":{"osmId":"way/1374058817","kind":"service"},"geometry":{"type":"LineString","coordinates":[[-88.32642,36.621966],[-88.325939,36.621964]]}},
{"type":"Feature","properties":{"osmId":"way/1374058818","kind":"service"},"geometry":{"type":"LineString","coordinates":[[-88.326739,36.621405],[-88.326712,36.621947],[-88.326705,36.62208],[-88.326744,36.622185]]}},
{"type":"Feature","properties":{"osmId":"way/1374058819","kind":"service"},"geometry":{"type":"LineString","coordinates":[[-88.326541,36.621939],[-88.326712,36.621947]]}},
{"type":"Feature","properties":{"osmId":"way/1374058820","kind":"service"},"geometry":{"type":"LineString","coordinates":[[-88.325205,36.622523],[-88.325162,36.622406],[-88.32514,36.62229],[-88.325305,36.622257],[-88.325332,36.622246],[-88.325342,36.622226],[-88.325342,36.622206],[-88.325291,36.621999],[-88.325271,36.621973],[-88.325247,36.621958],[-88.325218,36.621956],[-88.32464,36.622063],[-88.324606,36.622076],[-88.324587,36.622094],[-88.324584,36.622113],[-88.324593,36.622167],[-88.324614,36.622286],[-88.324634,36.62231],[-88.324701,36.622345],[-88.324747,36.62235],[-88.32514,36.62229]]}},
{"type":"Feature","properties":{"osmId":"way/1374058821","kind":"service"},"geometry":{"type":"LineString","coordinates":[[-88.324593,36.622167],[-88.324548,36.62217],[-88.324329,36.622168]]}},
{"type":"Feature","properties":{"osmId":"way/1374061992","kind":"service"},"geometry":{"type":"LineString","coordinates":[[-88.323633,36.606602],[-88.323636,36.607265],[-88.323637,36.6075],[-88.323629,36.607522],[-88.323616,36.607532],[-88.323597,36.60754],[-88.323454,36.607542],[-88.32332,36.607544],[-88.323298,36.607537],[-88.323284,36.60752],[-88.323283,36.607499],[-88.323286,36.607264],[-88.323291,36.606861],[-88.323294,36.606596]]}},
{"type":"Feature","properties":{"osmId":"way/1374061993","kind":"service"},"geometry":{"type":"LineString","coordinates":[[-88.323467,36.606599],[-88.323458,36.607264],[-88.323454,36.607542]]}},
{"type":"Feature","properties":{"osmId":"way/1374061994","kind":"service"},"geometry":{"type":"LineString","coordinates":[[-88.323162,36.606858],[-88.323291,36.606861]]}},
{"type":"Feature","properties":{"osmId":"way/1374061995","kind":"service"},"geometry":{"type":"LineString","coordinates":[[-88.323636,36.607265],[-88.323458,36.607264],[-88.323286,36.607264],[-88.323158,36.607264]]}},
{"type":"Feature","properties":{"osmId":"way/1374076040","kind":"service"},"geometry":{"type":"LineString","coordinates":[[-88.342767,36.616212],[-88.342516,36.616232],[-88.34221,36.616253],[-88.341883,36.616291],[-88.341608,36.61629],[-88.341454,36.616276],[-88.341347,36.616267],[-88.341169,36.616205],[-88.341076,36.616174],[-88.341002,36.616168],[-88.340932,36.616198],[-88.340733,36.61663],[-88.340726,36.616671],[-88.34072,36.61671],[-88.340717,36.616732],[-88.340754,36.616906],[-88.340788,36.617099],[-88.340791,36.617158],[-88.3408,36.617339],[-88.340793,36.617529]]}},
{"type":"Feature","properties":{"osmId":"way/1374076041","kind":"service"},"geometry":{"type":"LineString","coordinates":[[-88.3408,36.617339],[-88.339842,36.617291],[-88.339837,36.617483]]}},
{"type":"Feature","properties":{"osmId":"way/1374076042","kind":"service"},"geometry":{"type":"LineString","coordinates":[[-88.340791,36.617158],[-88.339892,36.61711],[-88.339864,36.617115],[-88.339852,36.617135],[-88.339849,36.61717],[-88.339842,36.617291]]}},
{"type":"Feature","properties":{"osmId":"way/1374076043","kind":"service"},"geometry":{"type":"LineString","coordinates":[[-88.339849,36.61717],[-88.338172,36.617089],[-88.337756,36.617069]]}},
{"type":"Feature","properties":{"osmId":"way/1374076044","kind":"service"},"geometry":{"type":"LineString","coordinates":[[-88.338172,36.617089],[-88.338247,36.616226]]}},
{"type":"Feature","properties":{"osmId":"way/1374076045","kind":"service"},"geometry":{"type":"LineString","coordinates":[[-88.337779,36.616205],[-88.338247,36.616226],[-88.339665,36.616298],[-88.339694,36.616307],[-88.339735,36.616337],[-88.339746,36.616394],[-88.33986,36.616398],[-88.340108,36.616365],[-88.340297,36.616373],[-88.340488,36.616468],[-88.340565,36.616609],[-88.340612,36.616687],[-88.34072,36.61671]]}},
{"type":"Feature","properties":{"osmId":"way/1374076046","kind":"service"},"geometry":{"type":"LineString","coordinates":[[-88.340612,36.616687],[-88.339901,36.616688],[-88.339819,36.616702],[-88.339772,36.616702],[-88.339748,36.616688],[-88.339735,36.616671],[-88.339746,36.616394]]}},
{"type":"Feature","properties":{"osmId":"way/1374076047","kind":"service"},"geometry":{"type":"LineString","coordinates":[[-88.340726,36.616671],[-88.340893,36.616648],[-88.34102,36.616589],[-88.341125,36.616501],[-88.341218,36.616421],[-88.34131,36.616326],[-88.341347,36.616267]]}},
{"type":"Feature","properties":{"osmId":"way/1374076048","kind":"service"},"geometry":{"type":"LineString","coordinates":[[-88.341125,36.616501],[-88.341165,36.616519],[-88.341326,36.616515],[-88.341375,36.616507],[-88.34141,36.616475],[-88.341454,36.616276]]}},
{"type":"Feature","properties":{"osmId":"way/1374078007","kind":"service"},"geometry":{"type":"LineString","coordinates":[[-88.313781,36.617081],[-88.313793,36.617269]]}},
{"type":"Feature","properties":{"osmId":"way/1374078008","kind":"service","service":"drive-through","oneway":true},"geometry":{"type":"LineString","coordinates":[[-88.31428,36.617748],[-88.314263,36.617364]]}},
{"type":"Feature","properties":{"osmId":"way/1374078009","kind":"service","oneway":true},"geometry":{"type":"LineString","coordinates":[[-88.313793,36.617269],[-88.313717,36.617275],[-88.313689,36.617288],[-88.313673,36.617324],[-88.313697,36.61791],[-88.313697,36.617932],[-88.313703,36.617955],[-88.31372,36.617967],[-88.313737,36.617971],[-88.313946,36.617966],[-88.313967,36.617955],[-88.313978,36.617937],[-88.313981,36.617852],[-88.313969,36.617444],[-88.313959,36.617308],[-88.313937,36.617285]]}},
{"type":"Feature","properties":{"osmId":"way/1374078010","kind":"service","service":"drive-through","oneway":true},"geometry":{"type":"LineString","coordinates":[[-88.313697,36.61791],[-88.313881,36.617911],[-88.313911,36.617907],[-88.313929,36.617892],[-88.313945,36.617868],[-88.313937,36.617488],[-88.313941,36.617464],[-88.313949,36.617449],[-88.313969,36.617444]]}},
{"type":"Feature","properties":{"osmId":"way/1374078011","kind":"service","service":"drive-through","oneway":true},"geometry":{"type":"LineString","coordinates":[[-88.314393,36.61728],[-88.314402,36.617475],[-88.314407,36.617491],[-88.314416,36.617504],[-88.314434,36.617514],[-88.314465,36.61752],[-88.314836,36.617515]]}},
{"type":"Feature","properties":{"osmId":"way/1374078012","kind":"service"},"geometry":{"type":"LineString","coordinates":[[-88.314393,36.61728],[-88.314782,36.61727],[-88.314812,36.617278],[-88.314827,36.61729],[-88.314837,36.617308],[-88.314836,36.617418],[-88.314836,36.617515],[-88.314836,36.617625],[-88.31483,36.618221]]}},
{"type":"Feature","properties":{"osmId":"way/1374078013","kind":"service"},"geometry":{"type":"LineString","coordinates":[[-88.314836,36.617418],[-88.315074,36.617424]]}},
{"type":"Feature","properties":{"osmId":"way/1374078014","kind":"service"},"geometry":{"type":"LineString","coordinates":[[-88.314257,36.617201],[-88.314016,36.617202]]}},
{"type":"Feature","properties":{"osmId":"way/1374078015","kind":"service"},"geometry":{"type":"LineString","coordinates":[[-88.31483,36.618221],[-88.315052,36.618226]]}},
{"type":"Feature","properties":{"osmId":"way/1374078016","kind":"service"},"geometry":{"type":"LineString","coordinates":[[-88.314491,36.61763],[-88.314468,36.617642],[-88.314435,36.617661],[-88.314413,36.617681],[-88.314407,36.617698],[-88.314435,36.618097],[-88.314453,36.618136],[-88.314474,36.61817],[-88.314517,36.618207],[-88.314568,36.618221],[-88.31483,36.618221]]}},
{"type":"Feature","properties":{"osmId":"way/1374078017","kind":"service"},"geometry":{"type":"LineString","coordinates":[[-88.313937,36.617285],[-88.313899,36.617272],[-88.313793,36.617269]]}},
{"type":"Feature","properties":{"osmId":"way/1374078018","kind":"service"},"geometry":{"type":"LineString","coordinates":[[-88.314053,36.617934],[-88.314067,36.618161],[-88.314088,36.618193],[-88.314129,36.618205],[-88.314306,36.618206],[-88.31434,36.618199],[-88.31436,36.618184],[-88.314365,36.618149],[-88.314316,36.617254],[-88.314313,36.617232],[-88.3143,36.617214],[-88.314257,36.617201]]}},
{"type":"Feature","properties":{"osmId":"way/1374078019","kind":"service","oneway":true},"geometry":{"type":"LineString","coordinates":[[-88.31401,36.617075],[-88.314016,36.617202],[-88.314053,36.617934]]}},
{"type":"Feature","properties":{"osmId":"way/1374078020","kind":"service","oneway":true},"geometry":{"type":"LineString","coordinates":[[-88.314257,36.617201],[-88.314252,36.617068]]}},
{"type":"Feature","properties":{"osmId":"way/1374078021","kind":"service","service":"drive-through","oneway":true},"geometry":{"type":"LineString","coordinates":[[-88.314053,36.617934],[-88.314072,36.617941],[-88.314111,36.617986],[-88.314153,36.618002],[-88.314193,36.618003],[-88.314243,36.617996],[-88.314268,36.617978],[-88.314282,36.617938],[-88.31428,36.617748]]}},
{"type":"Feature","properties":{"osmId":"way/1374078022","kind":"service","service":"drive-through","oneway":true},"geometry":{"type":"LineString","coordinates":[[-88.314263,36.617364],[-88.314257,36.617201]]}},
{"type":"Feature","properties":{"osmId":"way/1374078023","kind":"service"},"geometry":{"type":"LineString","coordinates":[[-88.314384,36.617064],[-88.314393,36.61728]]}},
{"type":"Feature","properties":{"osmId":"way/1374078024","kind":"service"},"geometry":{"type":"LineString","coordinates":[[-88.31483,36.618221],[-88.314764,36.618474],[-88.314761,36.618645],[-88.31476,36.618724],[-88.314759,36.618802],[-88.314757,36.618959],[-88.314755,36.619075]]}},
{"type":"Feature","properties":{"osmId":"way/1374078025","kind":"service"},"geometry":{"type":"LineString","coordinates":[[-88.314764,36.618474],[-88.313622,36.618511],[-88.313599,36.618518],[-88.31358,36.618531],[-88.313571,36.618554],[-88.313573,36.618682],[-88.313576,36.61883],[-88.313579,36.619007]]}},
{"type":"Feature","properties":{"osmId":"way/1374078027","kind":"service","oneway":true},"geometry":{"type":"LineString","coordinates":[[-88.313579,36.619007],[-88.314757,36.618959]]}},
{"type":"Feature","properties":{"osmId":"way/1374078028","kind":"service","service":"parking_aisle","oneway":true},"geometry":{"type":"LineString","coordinates":[[-88.314759,36.618802],[-88.313576,36.61883]]}},
{"type":"Feature","properties":{"osmId":"way/1374078029","kind":"service","service":"parking_aisle","oneway":true},"geometry":{"type":"LineString","coordinates":[[-88.313573,36.618682],[-88.314761,36.618645]]}},
{"type":"Feature","properties":{"osmId":"way/1374078030","kind":"service"},"geometry":{"type":"LineString","coordinates":[[-88.313579,36.619007],[-88.313435,36.619013],[-88.313188,36.619023]]}},
{"type":"Feature","properties":{"osmId":"way/1374078031","kind":"service","service":"drive-through","oneway":true},"geometry":{"type":"LineString","coordinates":[[-88.314836,36.617625],[-88.314491,36.61763]]}},
{"type":"Feature","properties":{"osmId":"way/1374079956","kind":"service"},"geometry":{"type":"LineString","coordinates":[[-88.324391,36.614806],[-88.32426,36.614814],[-88.323732,36.614847],[-88.323693,36.614849],[-88.323634,36.614853],[-88.323048,36.614848]]}},
{"type":"Feature","properties":{"osmId":"way/1374079957","kind":"service"},"geometry":{"type":"LineString","coordinates":[[-88.323693,36.614849],[-88.323689,36.61501],[-88.323675,36.615517]]}},
{"type":"Feature","properties":{"osmId":"way/1374079958","kind":"service"},"geometry":{"type":"LineString","coordinates":[[-88.324378,36.615499],[-88.324255,36.615502],[-88.323675,36.615517],[-88.323399,36.615543],[-88.323363,36.615555],[-88.32335,36.615574],[-88.323344,36.615596],[-88.323347,36.615628],[-88.323361,36.615656],[-88.323651,36.61605],[-88.323673,36.616101],[-88.323681,36.616144],[-88.323683,36.616194],[-88.323676,36.616235],[-88.323658,36.616269],[-88.323635,36.616291],[-88.323604,36.616314],[-88.323554,36.616339],[-88.323506,36.61636],[-88.323469,36.61637],[-88.323413,36.616377],[-88.322816,36.616382],[-88.322176,36.616387],[-88.322143,36.616376],[-88.322124,36.616349],[-88.322121,36.616265],[-88.322119,36.6162],[-88.322122,36.616175],[-88.322132,36.616159],[-88.322153,36.61615],[-88.322448,36.616148],[-88.322508,36.616137],[-88.322551,36.616118],[-88.322577,36.616097],[-88.322602,36.616077],[-88.322633,36.616071],[-88.322986,36.616069]]}},
{"type":"Feature","properties":{"osmId":"way/1374079959","kind":"service"},"geometry":{"type":"LineString","coordinates":[[-88.322816,36.616382],[-88.322811,36.61628],[-88.322807,36.616263],[-88.322791,36.616252],[-88.322121,36.616265]]}},
{"type":"Feature","properties":{"osmId":"way/1374079960","kind":"service"},"geometry":{"type":"LineString","coordinates":[[-88.323414,36.616748],[-88.323414,36.616693],[-88.323414,36.616552],[-88.323413,36.616377]]}},
{"type":"Feature","properties":{"osmId":"way/1374079961","kind":"service"},"geometry":{"type":"LineString","coordinates":[[-88.323414,36.616552],[-88.323578,36.616555],[-88.323694,36.616557]]}},
{"type":"Feature","properties":{"osmId":"way/1374079962","kind":"service"},"geometry":{"type":"LineString","coordinates":[[-88.324101,36.616084],[-88.323702,36.616093],[-88.323673,36.616101]]}},
{"type":"Feature","properties":{"osmId":"way/1374079963","kind":"service"},"geometry":{"type":"LineString","coordinates":[[-88.323965,36.615003],[-88.323689,36.61501]]}},
{"type":"Feature","properties":{"osmId":"way/1374079964","kind":"service"},"geometry":{"type":"LineString","coordinates":[[-88.323052,36.615055],[-88.323048,36.614848],[-88.323048,36.614509],[-88.323048,36.613655],[-88.323056,36.613641],[-88.323079,36.613627],[-88.32318,36.613627],[-88.323767,36.613626],[-88.323796,36.613617],[-88.32401,36.613478],[-88.324058,36.613421],[-88.324102,36.613367],[-88.324139,36.613335],[-88.324183,36.613327],[-88.324293,36.613333],[-88.324395,36.613329]]}},
{"type":"Feature","properties":{"osmId":"way/1374079965","kind":"service"},"geometry":{"type":"LineString","coordinates":[[-88.32401,36.613478],[-88.324109,36.613536],[-88.324126,36.613548],[-88.32413,36.613574],[-88.32413,36.613869],[-88.324129,36.614275]]}},
{"type":"Feature","properties":{"osmId":"way/1374079966","kind":"service"},"geometry":{"type":"LineString","coordinates":[[-88.32318,36.613627],[-88.323182,36.613778],[-88.323182,36.61387],[-88.323183,36.61393],[-88.323184,36.614069],[-88.323185,36.614188],[-88.323191,36.614201],[-88.323206,36.614208],[-88.32376,36.614216],[-88.323778,36.614214],[-88.323792,36.614204],[-88.3238,36.614192],[-88.3238,36.614076],[-88.323801,36.613934],[-88.323801,36.613869],[-88.323802,36.613781],[-88.323803,36.613635],[-88.323796,36.613617]]}},
{"type":"Feature","properties":{"osmId":"way/1374079967","kind":"service","service":"parking_aisle","oneway":true},"geometry":{"type":"LineString","coordinates":[[-88.323182,36.613778],[-88.323802,36.613781]]}},
{"type":"Feature","properties":{"osmId":"way/1374079968","kind":"service","service":"parking_aisle","oneway":true},"geometry":{"type":"LineString","coordinates":[[-88.323801,36.613934],[-88.323183,36.61393]]}},
{"type":"Feature","properties":{"osmId":"way/1374079969","kind":"service","service":"parking_aisle","oneway":true},"geometry":{"type":"LineString","coordinates":[[-88.323184,36.614069],[-88.3238,36.614076]]}},
{"type":"Feature","properties":{"osmId":"way/1374079970","kind":"service"},"geometry":{"type":"LineString","coordinates":[[-88.322626,36.614505],[-88.323048,36.614509]]}},
{"type":"Feature","properties":{"osmId":"way/1374079971","kind":"service","oneway":true},"geometry":{"type":"LineString","coordinates":[[-88.323724,36.614632],[-88.32411,36.614631],[-88.324142,36.614624],[-88.32416,36.614609],[-88.324162,36.614517],[-88.324157,36.614501],[-88.324138,36.614492],[-88.323302,36.614491],[-88.323276,36.614495],[-88.323256,36.614506],[-88.323252,36.614521],[-88.32325,36.614629]]}},
{"type":"Feature","properties":{"osmId":"way/1374079972","kind":"service","oneway":true},"geometry":{"type":"LineString","coordinates":[[-88.32325,36.614629],[-88.323724,36.614632]]}},
{"type":"Feature","properties":{"osmId":"way/1374079973","kind":"service","oneway":true},"geometry":{"type":"LineString","coordinates":[[-88.323728,36.614733],[-88.323266,36.614731],[-88.323254,36.614723],[-88.323249,36.614703],[-88.32325,36.614629]]}},
{"type":"Feature","properties":{"osmId":"way/1374079974","kind":"service"},"geometry":{"type":"LineString","coordinates":[[-88.323732,36.614847],[-88.323728,36.614733],[-88.323724,36.614632]]}},
{"type":"Feature","properties":{"osmId":"way/1374082956","kind":"service"},"geometry":{"type":"LineString","coordinates":[[-88.319592,36.615076],[-88.319596,36.615171],[-88.319602,36.615293],[-88.319607,36.615416],[-88.319613,36.615547],[-88.319618,36.615671],[-88.319622,36.615759],[-88.319618,36.615777],[-88.319602,36.615787],[-88.319578,36.615792],[-88.318587,36.615833]]}},
{"type":"Feature","properties":{"osmId":"way/1374082957","kind":"service","service":"parking_aisle"},"geometry":{"type":"LineString","coordinates":[[-88.319618,36.615671],[-88.318581,36.615706]]}},
{"type":"Feature","properties":{"osmId":"way/1374082958","kind":"service","service":"parking_aisle"},"geometry":{"type":"LineString","coordinates":[[-88.319613,36.615547],[-88.318574,36.615579]]}},
{"type":"Feature","properties":{"osmId":"way/1374082959","kind":"service","service":"parking_aisle"},"geometry":{"type":"LineString","coordinates":[[-88.319607,36.615416],[-88.318568,36.61545]]}},
{"type":"Feature","properties":{"osmId":"way/1374082960","kind":"service","service":"parking_aisle"},"geometry":{"type":"LineString","coordinates":[[-88.319602,36.615293],[-88.318562,36.615329]]}},
{"type":"Feature","properties":{"osmId":"way/1374082961","kind":"service","service":"parking_aisle"},"geometry":{"type":"LineString","coordinates":[[-88.319596,36.615171],[-88.318556,36.615203]]}},
{"type":"Feature","properties":{"osmId":"way/1374083749","kind":"service"},"geometry":{"type":"LineString","coordinates":[[-88.319034,36.617588],[-88.318904,36.617521],[-88.318824,36.61746]]}},
{"type":"Feature","properties":{"osmId":"way/1374083750","kind":"service"},"geometry":{"type":"LineString","coordinates":[[-88.319088,36.617272],[-88.319076,36.617256],[-88.318713,36.617256],[-88.318663,36.61725],[-88.318645,36.61724],[-88.31864,36.617221],[-88.318638,36.617105],[-88.318645,36.617088],[-88.318663,36.617076],[-88.318684,36.61707],[-88.319136,36.617067],[-88.319155,36.61707],[-88.319167,36.617078],[-88.319175,36.617092],[-88.319178,36.617172],[-88.319152,36.617225],[-88.319088,36.617272],[-88.318824,36.61746],[-88.318554,36.617647],[-88.318362,36.617781],[-88.318245,36.617824],[-88.318117,36.617869],[-88.318055,36.617907],[-88.31802,36.617935],[-88.317989,36.617974],[-88.317967,36.618001],[-88.317936,36.618106],[-88.317746,36.618737]]}},
{"type":"Feature","properties":{"osmId":"way/1374083751","kind":"service"},"geometry":{"type":"LineString","coordinates":[[-88.319246,36.617276],[-88.319152,36.617225]]}},
{"type":"Feature","properties":{"osmId":"way/1374083752","kind":"service"},"geometry":{"type":"LineString","coordinates":[[-88.317576,36.616962],[-88.317581,36.61703],[-88.317633,36.617665]]}},
{"type":"Feature","properties":{"osmId":"way/1374083753","kind":"service"},"geometry":{"type":"LineString","coordinates":[[-88.317543,36.617671],[-88.317633,36.617665],[-88.318105,36.617636],[-88.31849,36.617619],[-88.318504,36.617621],[-88.318521,36.617626],[-88.318554,36.617647]]}},
{"type":"Feature","properties":{"osmId":"way/1374083754","kind":"service"},"geometry":{"type":"LineString","coordinates":[[-88.317632,36.617917],[-88.317958,36.617964],[-88.317989,36.617974]]}},
{"type":"Feature","properties":{"osmId":"way/1374083755","kind":"service"},"geometry":{"type":"LineString","coordinates":[[-88.317936,36.618106],[-88.317746,36.618073],[-88.317718,36.618073],[-88.317701,36.618079],[-88.317515,36.618577]]}},
{"type":"Feature","properties":{"osmId":"way/1374083756","kind":"service"},"geometry":{"type":"LineString","coordinates":[[-88.317435,36.619751],[-88.31732,36.619739],[-88.317144,36.619721],[-88.317115,36.619709],[-88.317103,36.619691],[-88.317076,36.619311],[-88.317089,36.619282],[-88.317121,36.619265],[-88.317319,36.619251],[-88.317439,36.61927],[-88.317775,36.619335]]}},
{"type":"Feature","properties":{"osmId":"way/1374083757","kind":"service"},"geometry":{"type":"LineString","coordinates":[[-88.317401,36.619938],[-88.317435,36.619751]]}},
{"type":"Feature","properties":{"osmId":"way/1374083758","kind":"service"},"geometry":{"type":"LineString","coordinates":[[-88.317435,36.619751],[-88.317587,36.61977],[-88.31762,36.619771],[-88.317645,36.619759],[-88.317775,36.619335],[-88.317933,36.618817],[-88.317937,36.618796],[-88.317927,36.618781],[-88.317895,36.618767],[-88.317746,36.618737],[-88.317669,36.618721],[-88.317643,36.618722],[-88.317619,36.618727],[-88.317603,36.618741],[-88.317439,36.61927],[-88.317324,36.619708],[-88.31732,36.619739]]}},
{"type":"Feature","properties":{"osmId":"way/1374084143","kind":"service","service":"parking_aisle"},"geometry":{"type":"LineString","coordinates":[[-88.32182,36.611585],[-88.321646,36.611587],[-88.321419,36.61159],[-88.321192,36.611592],[-88.320749,36.611597],[-88.319965,36.611606]]}},
{"type":"Feature","properties":{"osmId":"way/1374084144","kind":"service","service":"parking_aisle"},"geometry":{"type":"LineString","coordinates":[[-88.321419,36.61159],[-88.321419,36.611276],[-88.321429,36.611255],[-88.321446,36.611238],[-88.321474,36.611229],[-88.321585,36.611228],[-88.321613,36.611236],[-88.321632,36.611251],[-88.321641,36.611279],[-88.321646,36.611587],[-88.321645,36.611813],[-88.321639,36.611837],[-88.321626,36.611855],[-88.3216,36.611867],[-88.321472,36.611868],[-88.321448,36.611861],[-88.321433,36.611851],[-88.32142,36.611836],[-88.321418,36.611819],[-88.321419,36.61159]]}},
{"type":"Feature","properties":{"osmId":"way/1374084145","kind":"service","service":"parking_aisle"},"geometry":{"type":"LineString","coordinates":[[-88.321192,36.611592],[-88.321192,36.611738],[-88.321187,36.611752],[-88.321175,36.611765],[-88.321156,36.611769],[-88.320978,36.611773],[-88.320751,36.611777],[-88.319967,36.611789]]}},
{"type":"Feature","properties":{"osmId":"way/1374084146","kind":"service","service":"parking_aisle"},"geometry":{"type":"LineString","coordinates":[[-88.320749,36.611597],[-88.320751,36.611777],[-88.320759,36.612391]]}},
{"type":"Feature","properties":{"osmId":"way/1374084147","kind":"service","service":"parking_aisle"},"geometry":{"type":"LineString","coordinates":[[-88.320978,36.611773],[-88.320995,36.612388]]}},
{"type":"Feature","properties":{"osmId":"way/1374084148","kind":"service","service":"parking_aisle"},"geometry":{"type":"LineString","coordinates":[[-88.321824,36.612034],[-88.321615,36.612032]]}},
{"type":"Feature","properties":{"osmId":"way/1374085549","kind":"service"},"geometry":{"type":"LineString","coordinates":[[-88.315181,36.613325],[-88.31491,36.613321],[-88.314549,36.613316],[-88.314523,36.613316],[-88.314506,36.613327],[-88.314501,36.613345],[-88.314499,36.613493]]}},
{"type":"Feature","properties":{"osmId":"way/1374085550","kind":"service"},"geometry":{"type":"LineString","coordinates":[[-88.314493,36.613819],[-88.314778,36.613822],[-88.314896,36.613754],[-88.314905,36.613743],[-88.314906,36.613732],[-88.31491,36.613321]]}},
{"type":"Feature","properties":{"osmId":"way/1374085551","kind":"service","service":"drive-through","oneway":true},"geometry":{"type":"LineString","coordinates":[[-88.314494,36.613664],[-88.314493,36.61374]]}},
{"type":"Feature","properties":{"osmId":"way/1374085552","kind":"service"},"geometry":{"type":"LineString","coordinates":[[-88.314493,36.613819],[-88.314491,36.613973]]}},
{"type":"Feature","properties":{"osmId":"way/1374085553","kind":"service","service":"drive-through","oneway":true},"geometry":{"type":"LineString","coordinates":[[-88.314499,36.613493],[-88.314494,36.613664]]}},
{"type":"Feature","properties":{"osmId":"way/1374085554","kind":"service","service":"drive-through","oneway":true},"geometry":{"type":"LineString","coordinates":[[-88.314493,36.61374],[-88.314493,36.613819]]}},
{"type":"Feature","properties":{"osmId":"way/1374086922","kind":"service"},"geometry":{"type":"LineString","coordinates":[[-88.333075,36.615217],[-88.333083,36.615439],[-88.333093,36.615464],[-88.333118,36.615477],[-88.333591,36.615488],[-88.333632,36.615499],[-88.333659,36.615523],[-88.333674,36.615547],[-88.333674,36.61557],[-88.333676,36.615933],[-88.333679,36.616288],[-88.333663,36.616331],[-88.333634,36.61635],[-88.333596,36.616364],[-88.333561,36.616367],[-88.333363,36.616367],[-88.333175,36.616358],[-88.333136,36.61634],[-88.333122,36.616314],[-88.333118,36.615477]]}},
{"type":"Feature","properties":{"osmId":"way/1374086923","kind":"service"},"geometry":{"type":"LineString","coordinates":[[-88.333676,36.615933],[-88.333475,36.615931]]}},
{"type":"Feature","properties":{"osmId":"way/1374086924","kind":"service"},"geometry":{"type":"LineString","coordinates":[[-88.333674,36.61557],[-88.333466,36.615566]]}},
{"type":"Feature","properties":{"osmId":"way/1381004619","kind":"service"},"geometry":{"type":"LineString","coordinates":[[-88.32834,36.608762],[-88.328457,36.609124],[-88.328478,36.609242],[-88.328476,36.609307],[-88.328457,36.60938],[-88.328394,36.609422],[-88.328315,36.609443],[-88.328251,36.609439],[-88.328199,36.609426],[-88.328163,36.609402],[-88.328139,36.609363],[-88.328132,36.609318],[-88.328146,36.609191],[-88.328144,36.609048],[-88.328125,36.6089],[-88.3281,36.608803]]}},
{"type":"Feature","properties":{"osmId":"way/1381004620","kind":"service"},"geometry":{"type":"LineString","coordinates":[[-88.330288,36.613286],[-88.33094,36.613292],[-88.330936,36.613614],[-88.330284,36.613609],[-88.330288,36.613286]]}},
{"type":"Feature","properties":{"osmId":"way/1381004621","kind":"service"},"geometry":{"type":"LineString","coordinates":[[-88.330031,36.61319],[-88.330171,36.613266],[-88.330288,36.613286]]}},
{"type":"Feature","properties":{"osmId":"way/1381004622","kind":"service"},"geometry":{"type":"LineString","coordinates":[[-88.329593,36.613186],[-88.329793,36.613189]]}},
{"type":"Feature","properties":{"osmId":"way/1381004623","kind":"service"},"geometry":{"type":"LineString","coordinates":[[-88.329793,36.613189],[-88.330031,36.61319],[-88.330028,36.613599],[-88.329789,36.613598],[-88.329793,36.613189]]}},
{"type":"Feature","properties":{"osmId":"way/1396839752","kind":"residential"},"geometry":{"type":"LineString","coordinates":[[-88.335788,36.618581],[-88.335791,36.618314],[-88.3358,36.617273]]}},
{"type":"Feature","properties":{"osmId":"way/1396839753","kind":"residential"},"geometry":{"type":"LineString","coordinates":[[-88.335244,36.618312],[-88.335791,36.618314]]}},
{"type":"Feature","properties":{"osmId":"way/1396839754","kind":"service","service":"driveway"},"geometry":{"type":"LineString","coordinates":[[-88.335168,36.617241],[-88.335173,36.617346],[-88.3352,36.617529]]}},
{"type":"Feature","properties":{"osmId":"way/1396839755","kind":"service","service":"driveway"},"geometry":{"type":"LineString","coordinates":[[-88.335095,36.617237],[-88.335094,36.617316],[-88.335021,36.617518]]}},
{"type":"Feature","properties":{"osmId":"way/1396839756","kind":"service","service":"driveway"},"geometry":{"type":"LineString","coordinates":[[-88.334753,36.61722],[-88.334719,36.617584],[-88.334707,36.617842],[-88.334702,36.618119]]}},
{"type":"Feature","properties":{"osmId":"way/1396839757","kind":"service","service":"driveway"},"geometry":{"type":"LineString","coordinates":[[-88.336592,36.617638],[-88.336583,36.617314]]}},
{"type":"Feature","properties":{"osmId":"way/1396839758","kind":"service","service":"driveway"},"geometry":{"type":"LineString","coordinates":[[-88.336194,36.617634],[-88.336193,36.617294]]}},
{"type":"Feature","properties":{"osmId":"way/1417422774","kind":"service","service":"parking_aisle","oneway":true},"geometry":{"type":"LineString","coordinates":[[-88.315865,36.624615],[-88.315924,36.62467],[-88.315973,36.624705],[-88.316041,36.624719],[-88.316109,36.624702],[-88.31615,36.624666],[-88.316182,36.624605]]}},
{"type":"Feature","properties":{"osmId":"way/1421939290","kind":"service","service":"parking_aisle"},"geometry":{"type":"LineString","coordinates":[[-88.318532,36.62063],[-88.318738,36.620569],[-88.318582,36.620293]]}},
{"type":"Feature","properties":{"osmId":"way/1421943223","kind":"service","service":"parking_aisle"},"geometry":{"type":"LineString","coordinates":[[-88.341844,36.619197],[-88.342479,36.61924]]}},
{"type":"Feature","properties":{"osmId":"way/1421943224","kind":"service","service":"parking_aisle"},"geometry":{"type":"LineString","coordinates":[[-88.34184,36.619374],[-88.342469,36.619413]]}},
{"type":"Feature","properties":{"osmId":"way/1421943225","kind":"service","service":"parking_aisle"},"geometry":{"type":"LineString","coordinates":[[-88.342251,36.618929],[-88.342273,36.61845],[-88.34252,36.618462]]}},
{"type":"Feature","properties":{"osmId":"way/1421943226","kind":"service","service":"parking_aisle"},"geometry":{"type":"LineString","coordinates":[[-88.340074,36.619686],[-88.340515,36.619686],[-88.340515,36.619856],[-88.340072,36.619847]]}},
{"type":"Feature","properties":{"osmId":"way/1421943227","kind":"service","service":"parking_aisle"},"geometry":{"type":"LineString","coordinates":[[-88.340072,36.619847],[-88.340072,36.62001],[-88.340072,36.620492],[-88.339794,36.620497],[-88.339844,36.620376],[-88.339883,36.6203],[-88.339899,36.620014],[-88.340072,36.62001]]}},
{"type":"Feature","properties":{"osmId":"way/1421943228","kind":"service","service":"parking_aisle"},"geometry":{"type":"LineString","coordinates":[[-88.341157,36.617546],[-88.341135,36.617742],[-88.341833,36.617788]]}},
{"type":"Feature","properties":{"osmId":"way/1421943229","kind":"service","service":"parking_aisle"},"geometry":{"type":"LineString","coordinates":[[-88.341135,36.617742],[-88.340824,36.617729],[-88.340284,36.617699]]}},
{"type":"Feature","properties":{"osmId":"way/1421943250","kind":"service"},"geometry":{"type":"LineString","coordinates":[[-88.314352,36.624741],[-88.314435,36.624235],[-88.314483,36.62411],[-88.314492,36.624006],[-88.314506,36.623852],[-88.31452,36.623697],[-88.314534,36.623539],[-88.314548,36.623386],[-88.314588,36.622939],[-88.314602,36.622784],[-88.314605,36.622741],[-88.314611,36.622672],[-88.314618,36.622595],[-88.314623,36.622538],[-88.314566,36.62235],[-88.314586,36.621952]]}},
{"type":"Feature","properties":{"osmId":"way/1447316015","kind":"service","service":"parking_aisle"},"geometry":{"type":"LineString","coordinates":[[-88.314352,36.624741],[-88.313445,36.624582]]}},
{"type":"Feature","properties":{"osmId":"way/1447316016","kind":"service","service":"parking_aisle"},"geometry":{"type":"LineString","coordinates":[[-88.319429,36.624822],[-88.319231,36.624241],[-88.319014,36.624287],[-88.319217,36.624869]]}},
{"type":"Feature","properties":{"osmId":"way/1447316017","kind":"service"},"geometry":{"type":"LineString","coordinates":[[-88.318996,36.625146],[-88.319207,36.625092],[-88.319496,36.625021],[-88.319464,36.624926]]}},
{"type":"Feature","properties":{"osmId":"way/1447316018","kind":"service","service":"parking_aisle"},"geometry":{"type":"LineString","coordinates":[[-88.319464,36.624926],[-88.319429,36.624822]]}},
{"type":"Feature","properties":{"osmId":"way/1447316019","kind":"service","service":"parking_aisle"},"geometry":{"type":"LineString","coordinates":[[-88.319821,36.624924],[-88.319864,36.624915],[-88.319786,36.624745],[-88.319738,36.624592],[-88.319601,36.624224],[-88.319448,36.624231],[-88.319231,36.624241]]}},
{"type":"Feature","properties":{"osmId":"way/1447316020","kind":"service","service":"parking_aisle"},"geometry":{"type":"LineString","coordinates":[[-88.319638,36.624777],[-88.319448,36.624231]]}},
{"type":"Feature","properties":{"osmId":"way/1447316021","kind":"service","service":"parking_aisle"},"geometry":{"type":"LineString","coordinates":[[-88.319738,36.624592],[-88.320113,36.624495]]}},
{"type":"Feature","properties":{"osmId":"way/1447316022","kind":"service"},"geometry":{"type":"LineString","coordinates":[[-88.319496,36.625021],[-88.319821,36.624924]]}},
{"type":"Feature","properties":{"osmId":"way/1447316023","kind":"service","service":"parking_aisle"},"geometry":{"type":"LineString","coordinates":[[-88.319864,36.624915],[-88.319873,36.62494],[-88.320035,36.625391],[-88.32021,36.625374],[-88.320567,36.625294],[-88.320644,36.625229],[-88.321036,36.625128]]}},
{"type":"Feature","properties":{"osmId":"way/1447316025","kind":"service","service":"parking_aisle"},"geometry":{"type":"LineString","coordinates":[[-88.321106,36.625094],[-88.321175,36.625008],[-88.321076,36.624698],[-88.321052,36.624622]]}},
{"type":"Feature","properties":{"osmId":"way/1447316026","kind":"service","service":"parking_aisle"},"geometry":{"type":"LineString","coordinates":[[-88.321076,36.624698],[-88.32058,36.624799],[-88.32055,36.624747],[-88.320408,36.624747],[-88.320296,36.624853],[-88.319873,36.62494]]}},
{"type":"Feature","properties":{"osmId":"way/1447316027","kind":"service","service":"parking_aisle"},"geometry":{"type":"LineString","coordinates":[[-88.32058,36.624799],[-88.320529,36.624848],[-88.320395,36.624874],[-88.320296,36.624853]]}},
{"type":"Feature","properties":{"osmId":"way/1447316028","kind":"service","service":"parking_aisle"},"geometry":{"type":"LineString","coordinates":[[-88.320408,36.624747],[-88.320379,36.624551],[-88.320317,36.624377],[-88.320368,36.624289],[-88.320746,36.62422],[-88.320854,36.624478]]}},
{"type":"Feature","properties":{"osmId":"way/1447316029","kind":"service","service":"parking_aisle"},"geometry":{"type":"LineString","coordinates":[[-88.321073,36.624493],[-88.321132,36.624347],[-88.321184,36.624299],[-88.321248,36.624239],[-88.321269,36.624231],[-88.321358,36.624196],[-88.32161,36.624148],[-88.321629,36.624144]]}},
{"type":"Feature","properties":{"osmId":"way/1447316030","kind":"service"},"geometry":{"type":"LineString","coordinates":[[-88.320854,36.624478],[-88.321073,36.624493]]}},
{"type":"Feature","properties":{"osmId":"way/1447316031","kind":"service"},"geometry":{"type":"LineString","coordinates":[[-88.32143,36.624917],[-88.321336,36.624857],[-88.321259,36.624762],[-88.321233,36.62469],[-88.321218,36.624646],[-88.321186,36.624558],[-88.321146,36.624515],[-88.321073,36.624493]]}},
{"type":"Feature","properties":{"osmId":"way/1447316032","kind":"service","service":"parking_aisle"},"geometry":{"type":"LineString","coordinates":[[-88.321233,36.62469],[-88.321339,36.62465],[-88.321371,36.624637],[-88.321412,36.624632],[-88.321551,36.624612]]}},
{"type":"Feature","properties":{"osmId":"way/1447316033","kind":"service","service":"parking_aisle","oneway":true},"geometry":{"type":"LineString","coordinates":[[-88.321184,36.624299],[-88.321339,36.62465]]}},
{"type":"Feature","properties":{"osmId":"way/1447316034","kind":"service","service":"parking_aisle","oneway":true},"geometry":{"type":"LineString","coordinates":[[-88.321269,36.624231],[-88.321412,36.624632]]}},
{"type":"Feature","properties":{"osmId":"way/1447316035","kind":"service","service":"parking_aisle"},"geometry":{"type":"LineString","coordinates":[[-88.321551,36.624612],[-88.321686,36.624579],[-88.321728,36.624546],[-88.321735,36.624501],[-88.32161,36.624148]]}},
{"type":"Feature","properties":{"osmId":"way/1447316036","kind":"service","service":"parking_aisle"},"geometry":{"type":"LineString","coordinates":[[-88.321629,36.624144],[-88.321823,36.624097]]}},
{"type":"Feature","properties":{"osmId":"way/1447316037","kind":"service","service":"parking_aisle"},"geometry":{"type":"LineString","coordinates":[[-88.322028,36.62404],[-88.321999,36.623947],[-88.321948,36.623849],[-88.321898,36.623584],[-88.322036,36.623548],[-88.322142,36.623526],[-88.322153,36.623524],[-88.322208,36.623506],[-88.322338,36.623879],[-88.322368,36.623967]]}},
{"type":"Feature","properties":{"osmId":"way/1447316038","kind":"service","service":"parking_aisle","oneway":true},"geometry":{"type":"LineString","coordinates":[[-88.321999,36.623947],[-88.322264,36.623894],[-88.322338,36.623879]]}},
{"type":"Feature","properties":{"osmId":"way/1447316039","kind":"service","service":"parking_aisle","oneway":true},"geometry":{"type":"LineString","coordinates":[[-88.322264,36.623894],[-88.322142,36.623526]]}},
{"type":"Feature","properties":{"osmId":"way/1447316040","kind":"service","service":"parking_aisle","oneway":true},"geometry":{"type":"LineString","coordinates":[[-88.322571,36.62342],[-88.322503,36.623424],[-88.32246,36.623444],[-88.322439,36.623468],[-88.322444,36.623501],[-88.322464,36.623553],[-88.322529,36.62373],[-88.322563,36.623763],[-88.3226,36.623775],[-88.322653,36.623782]]}},
{"type":"Feature","properties":{"osmId":"way/1447316041","kind":"service","service":"parking_aisle"},"geometry":{"type":"LineString","coordinates":[[-88.322739,36.623867],[-88.322723,36.623823],[-88.322571,36.62342]]}},
{"type":"Feature","properties":{"osmId":"way/1447316042","kind":"service","service":"parking_aisle"},"geometry":{"type":"LineString","coordinates":[[-88.322653,36.623782],[-88.322723,36.623823]]}},
{"type":"Feature","properties":{"osmId":"way/1447316043","kind":"service","service":"parking_aisle"},"geometry":{"type":"LineString","coordinates":[[-88.323091,36.623764],[-88.323074,36.623722],[-88.322942,36.623401],[-88.323002,36.623331],[-88.322894,36.623086]]}},
{"type":"Feature","properties":{"osmId":"way/1447316044","kind":"service","service":"parking_aisle","oneway":true},"geometry":{"type":"LineString","coordinates":[[-88.323074,36.623722],[-88.323285,36.623669],[-88.323363,36.623654],[-88.323446,36.623623],[-88.323454,36.623597],[-88.323345,36.623303],[-88.323289,36.623267],[-88.323183,36.623296],[-88.323107,36.623316],[-88.323002,36.623331]]}},
{"type":"Feature","properties":{"osmId":"way/1447316045","kind":"service","service":"parking_aisle","oneway":true},"geometry":{"type":"LineString","coordinates":[[-88.323519,36.62369],[-88.323506,36.623613],[-88.323467,36.623462],[-88.323404,36.623294],[-88.323377,36.623252],[-88.323289,36.623267]]}},
{"type":"Feature","properties":{"osmId":"way/1447316046","kind":"service","service":"parking_aisle"},"geometry":{"type":"LineString","coordinates":[[-88.322662,36.62458],[-88.322569,36.624754],[-88.32244,36.624747],[-88.322352,36.624749],[-88.322303,36.624801],[-88.322293,36.624915],[-88.322293,36.625014],[-88.322293,36.625079],[-88.32229,36.625285],[-88.32229,36.625367],[-88.322309,36.625415],[-88.322346,36.625445],[-88.322392,36.625453],[-88.322542,36.625458],[-88.322808,36.625451],[-88.322971,36.625468],[-88.323041,36.625464],[-88.323044,36.625393],[-88.323044,36.625298],[-88.323033,36.625195],[-88.323003,36.625117],[-88.32295,36.625018],[-88.322896,36.624967],[-88.322869,36.624941],[-88.322786,36.624866],[-88.322569,36.624754]]}},
{"type":"Feature","properties":{"osmId":"way/1447316047","kind":"service","service":"parking_aisle"},"geometry":{"type":"LineString","coordinates":[[-88.322896,36.624967],[-88.322786,36.625012],[-88.322649,36.625023],[-88.322502,36.625018],[-88.322378,36.625008],[-88.322293,36.625014]]}},
{"type":"Feature","properties":{"osmId":"way/1447316056","kind":"service","service":"parking_aisle"},"geometry":{"type":"LineString","coordinates":[[-88.320123,36.6124],[-88.320123,36.611914]]}},
{"type":"Feature","properties":{"osmId":"way/1447316057","kind":"service","service":"parking_aisle","oneway":true},"geometry":{"type":"LineString","coordinates":[[-88.32081,36.610002],[-88.320825,36.610543]]}},
{"type":"Feature","properties":{"osmId":"way/1447316058","kind":"service","service":"parking_aisle","oneway":true},"geometry":{"type":"LineString","coordinates":[[-88.32097,36.61],[-88.320989,36.610541]]}},
{"type":"Feature","properties":{"osmId":"way/1447316059","kind":"service","service":"parking_aisle"},"geometry":{"type":"LineString","coordinates":[[-88.32081,36.610002],[-88.32097,36.61],[-88.321102,36.609981],[-88.321074,36.609791]]}},
{"type":"Feature","properties":{"osmId":"way/1447316060","kind":"service","service":"parking_aisle","oneway":true},"geometry":{"type":"LineString","coordinates":[[-88.320675,36.610549],[-88.320662,36.610033]]}},
{"type":"Feature","properties":{"osmId":"way/1447316061","kind":"service","service":"parking_aisle"},"geometry":{"type":"LineString","coordinates":[[-88.320662,36.610033],[-88.32081,36.610002]]}},
{"type":"Feature","properties":{"osmId":"way/1447316062","kind":"service","service":"parking_aisle"},"geometry":{"type":"LineString","coordinates":[[-88.320805,36.609828],[-88.32081,36.610002]]}},
{"type":"Feature","properties":{"osmId":"way/1447316063","kind":"service","service":"parking_aisle"},"geometry":{"type":"LineString","coordinates":[[-88.321102,36.609981],[-88.321161,36.61003],[-88.321182,36.610302],[-88.321582,36.610302]]}},
{"type":"Feature","properties":{"osmId":"way/1447316064","kind":"service","service":"parking_aisle"},"geometry":{"type":"LineString","coordinates":[[-88.321182,36.610302],[-88.321182,36.610478],[-88.321601,36.610478]]}},
{"type":"Feature","properties":{"osmId":"way/1447316065","kind":"service","service":"parking_aisle"},"geometry":{"type":"LineString","coordinates":[[-88.321182,36.610478],[-88.321184,36.610653],[-88.321187,36.6109]]}},
{"type":"Feature","properties":{"osmId":"way/1447316066","kind":"service","service":"parking_aisle"},"geometry":{"type":"LineString","coordinates":[[-88.321184,36.610653],[-88.321609,36.610655]]}},
{"type":"Feature","properties":{"osmId":"way/1447316067","kind":"service","service":"parking_aisle"},"geometry":{"type":"LineString","coordinates":[[-88.321182,36.610478],[-88.321107,36.610528],[-88.320989,36.610541],[-88.320825,36.610543],[-88.320675,36.610549]]}},
{"type":"Feature","properties":{"osmId":"way/1447316068","kind":"service","service":"parking_aisle"},"geometry":{"type":"LineString","coordinates":[[-88.320729,36.610752],[-88.320622,36.610754],[-88.320517,36.610769],[-88.320522,36.611009]]}},
{"type":"Feature","properties":{"osmId":"way/1447316069","kind":"service","service":"parking_aisle"},"geometry":{"type":"LineString","coordinates":[[-88.320737,36.611006],[-88.320729,36.610752]]}},
{"type":"Feature","properties":{"osmId":"way/1447316070","kind":"service","service":"parking_aisle"},"geometry":{"type":"LineString","coordinates":[[-88.321006,36.609801],[-88.320986,36.609555],[-88.320788,36.609563],[-88.320767,36.609833]]}},
{"type":"Feature","properties":{"osmId":"way/1447316071","kind":"service","service":"parking_aisle"},"geometry":{"type":"LineString","coordinates":[[-88.320986,36.609555],[-88.321032,36.609509],[-88.321032,36.609184],[-88.320914,36.609161],[-88.320917,36.608947],[-88.320801,36.608945],[-88.320801,36.609154],[-88.320914,36.609161]]}},
{"type":"Feature","properties":{"osmId":"way/1447316072","kind":"service","service":"parking_aisle"},"geometry":{"type":"LineString","coordinates":[[-88.320349,36.609887],[-88.320345,36.609781]]}},
{"type":"Feature","properties":{"osmId":"way/1447316073","kind":"service","service":"parking_aisle","oneway":true},"geometry":{"type":"LineString","coordinates":[[-88.320345,36.609781],[-88.320436,36.609723],[-88.320428,36.609247],[-88.32041,36.609204],[-88.320294,36.609199],[-88.320254,36.60927],[-88.320246,36.609339],[-88.320254,36.609723],[-88.320345,36.609781]]}},
{"type":"Feature","properties":{"osmId":"way/1447316082","kind":"service","service":"parking_aisle","oneway":true},"geometry":{"type":"LineString","coordinates":[[-88.315575,36.624356],[-88.315562,36.624081]]}},
{"type":"Feature","properties":{"osmId":"way/1447316103","kind":"service","service":"parking_aisle","oneway":true},"geometry":{"type":"LineString","coordinates":[[-88.315215,36.606325],[-88.314519,36.606331],[-88.314469,36.606396],[-88.314482,36.606547],[-88.314592,36.606555],[-88.314852,36.606545],[-88.315215,36.606508]]}},
{"type":"Feature","properties":{"osmId":"way/1447316104","kind":"service","service":"parking_aisle"},"geometry":{"type":"LineString","coordinates":[[-88.315224,36.61005],[-88.31549,36.61005],[-88.315839,36.61005],[-88.315834,36.610239],[-88.315515,36.610235],[-88.31549,36.61005]]}},
{"type":"Feature","properties":{"osmId":"way/1447316105","kind":"service","service":"parking_aisle"},"geometry":{"type":"LineString","coordinates":[[-88.315839,36.61005],[-88.315858,36.609688],[-88.316164,36.609662],[-88.316351,36.609662],[-88.316483,36.609664]]}},
{"type":"Feature","properties":{"osmId":"way/1447316106","kind":"service","service":"parking_aisle"},"geometry":{"type":"LineString","coordinates":[[-88.316244,36.610477],[-88.316236,36.610272],[-88.315834,36.610239]]}},
{"type":"Feature","properties":{"osmId":"way/1447316107","kind":"service","service":"parking_aisle","oneway":true},"geometry":{"type":"LineString","coordinates":[[-88.316236,36.610272],[-88.316306,36.610244],[-88.316349,36.610211],[-88.316346,36.609972],[-88.316351,36.609662]]}},
{"type":"Feature","properties":{"osmId":"way/1447316108","kind":"service","service":"parking_aisle","oneway":true},"geometry":{"type":"LineString","coordinates":[[-88.317256,36.610332],[-88.317242,36.610084],[-88.31703,36.610108],[-88.317029,36.610157],[-88.317023,36.610366]]}},
{"type":"Feature","properties":{"osmId":"way/1447316109","kind":"service","service":"parking_aisle","oneway":true},"geometry":{"type":"LineString","coordinates":[[-88.316717,36.610409],[-88.316727,36.610162],[-88.317029,36.610157]]}},
{"type":"Feature","properties":{"osmId":"way/1447316110","kind":"service","service":"parking_aisle"},"geometry":{"type":"LineString","coordinates":[[-88.316193,36.61157],[-88.316467,36.611563]]}},
{"type":"Feature","properties":{"osmId":"way/1447316111","kind":"service","service":"parking_aisle"},"geometry":{"type":"LineString","coordinates":[[-88.316621,36.611777],[-88.316107,36.611761]]}},
{"type":"Feature","properties":{"osmId":"way/1447316112","kind":"service","service":"parking_aisle","oneway":true},"geometry":{"type":"LineString","coordinates":[[-88.316107,36.611761],[-88.316193,36.61157]]}},
{"type":"Feature","properties":{"osmId":"way/1447316113","kind":"service","service":"parking_aisle","oneway":true},"geometry":{"type":"LineString","coordinates":[[-88.316193,36.61157],[-88.316132,36.611535],[-88.31593,36.611525],[-88.315582,36.61152],[-88.315453,36.611538],[-88.315416,36.611541],[-88.315214,36.611561]]}},
{"type":"Feature","properties":{"osmId":"way/1447316114","kind":"service","service":"parking_aisle","oneway":true},"geometry":{"type":"LineString","coordinates":[[-88.315416,36.611541],[-88.315421,36.611779],[-88.315769,36.611761],[-88.315952,36.611765],[-88.316003,36.611766],[-88.316107,36.611761]]}},
{"type":"Feature","properties":{"osmId":"way/1447316115","kind":"service","service":"parking_aisle","oneway":true},"geometry":{"type":"LineString","coordinates":[[-88.315421,36.611779],[-88.315431,36.611888]]}},
{"type":"Feature","properties":{"osmId":"way/1447316116","kind":"service","service":"parking_aisle"},"geometry":{"type":"LineString","coordinates":[[-88.315209,36.611942],[-88.315434,36.611955],[-88.315517,36.61197],[-88.315775,36.611966],[-88.315855,36.611964],[-88.31585,36.612147],[-88.315442,36.612145],[-88.315207,36.612158]]}},
{"type":"Feature","properties":{"osmId":"way/1447316117","kind":"service","service":"parking_aisle"},"geometry":{"type":"LineString","coordinates":[[-88.315442,36.612145],[-88.315434,36.611955]]}},
{"type":"Feature","properties":{"osmId":"way/1447316118","kind":"service","service":"parking_aisle","oneway":true},"geometry":{"type":"LineString","coordinates":[[-88.315855,36.611964],[-88.315869,36.611904],[-88.315871,36.611854],[-88.315952,36.611765]]}},
{"type":"Feature","properties":{"osmId":"way/1447316119","kind":"service","service":"parking_aisle"},"geometry":{"type":"LineString","coordinates":[[-88.315431,36.611888],[-88.315434,36.611955]]}},
{"type":"Feature","properties":{"osmId":"way/1447316120","kind":"service","service":"parking_aisle"},"geometry":{"type":"LineString","coordinates":[[-88.31519,36.613008],[-88.315477,36.613014],[-88.315461,36.612728]]}},
{"type":"Feature","properties":{"osmId":"way/1447316121","kind":"service","service":"parking_aisle","oneway":true},"geometry":{"type":"LineString","coordinates":[[-88.315477,36.613014],[-88.315786,36.613017],[-88.315842,36.612982],[-88.315834,36.612689],[-88.315673,36.612698],[-88.315552,36.612698],[-88.315461,36.612728]]}},
{"type":"Feature","properties":{"osmId":"way/1447316122","kind":"service","service":"parking_aisle"},"geometry":{"type":"LineString","coordinates":[[-88.315834,36.612689],[-88.315831,36.612561]]}},
{"type":"Feature","properties":{"osmId":"way/1447316123","kind":"service","service":"parking_aisle","oneway":true},"geometry":{"type":"LineString","coordinates":[[-88.315176,36.613492],[-88.315429,36.61349],[-88.315718,36.61349],[-88.315796,36.613462],[-88.315807,36.613374],[-88.315804,36.613279],[-88.315745,36.613264],[-88.315649,36.613191],[-88.315485,36.613185],[-88.315378,36.613236],[-88.315183,36.61326]]}},
{"type":"Feature","properties":{"osmId":"way/1447316124","kind":"service","service":"parking_aisle","oneway":true},"geometry":{"type":"LineString","coordinates":[[-88.315745,36.613264],[-88.315705,36.613247],[-88.31559,36.613245],[-88.315453,36.613243],[-88.315378,36.613236]]}},
{"type":"Feature","properties":{"osmId":"way/1447316125","kind":"service","service":"parking_aisle"},"geometry":{"type":"LineString","coordinates":[[-88.31607,36.617012],[-88.316068,36.616917],[-88.316062,36.616593],[-88.31629,36.616591]]}},
{"type":"Feature","properties":{"osmId":"way/1447316126","kind":"service","service":"parking_aisle"},"geometry":{"type":"LineString","coordinates":[[-88.316258,36.616806],[-88.31648,36.616825],[-88.316482,36.616918],[-88.316484,36.617004]]}},
{"type":"Feature","properties":{"osmId":"way/1447316127","kind":"service"},"geometry":{"type":"LineString","coordinates":[[-88.316301,36.616474],[-88.316305,36.61612]]}},
{"type":"Feature","properties":{"osmId":"way/1447316128","kind":"service","service":"parking_aisle"},"geometry":{"type":"LineString","coordinates":[[-88.315818,36.61702],[-88.315816,36.616926],[-88.315804,36.616446]]}},
{"type":"Feature","properties":{"osmId":"way/1447316129","kind":"service","service":"parking_aisle","oneway":true},"geometry":{"type":"LineString","coordinates":[[-88.315804,36.616446],[-88.315808,36.616429],[-88.315818,36.616379],[-88.315818,36.616296],[-88.31581,36.61624],[-88.31574,36.616209],[-88.315603,36.616205],[-88.315477,36.616207],[-88.315351,36.616205],[-88.315303,36.616209],[-88.315107,36.616224]]}},
{"type":"Feature","properties":{"osmId":"way/1447316130","kind":"service","service":"parking_aisle","oneway":true},"geometry":{"type":"LineString","coordinates":[[-88.315303,36.616209],[-88.315305,36.616405]]}},
{"type":"Feature","properties":{"osmId":"way/1447316131","kind":"service","service":"parking_aisle","oneway":true},"geometry":{"type":"LineString","coordinates":[[-88.315101,36.616422],[-88.315305,36.616405],[-88.315448,36.616423],[-88.315657,36.616427],[-88.315737,36.616423],[-88.315808,36.616429]]}},
{"type":"Feature","properties":{"osmId":"way/1447316132","kind":"service","service":"parking_aisle"},"geometry":{"type":"LineString","coordinates":[[-88.316658,36.617002],[-88.316664,36.617058],[-88.316673,36.617161],[-88.316392,36.617178],[-88.316424,36.617564],[-88.317271,36.617536]]}},
{"type":"Feature","properties":{"osmId":"way/1447316133","kind":"service","service":"parking_aisle"},"geometry":{"type":"LineString","coordinates":[[-88.317317,36.616972],[-88.317318,36.617034],[-88.31732,36.617152],[-88.316673,36.617161]]}},
{"type":"Feature","properties":{"osmId":"way/1447316134","kind":"service","service":"parking_aisle"},"geometry":{"type":"LineString","coordinates":[[-88.316203,36.617568],[-88.316424,36.617564]]}},
{"type":"Feature","properties":{"osmId":"way/1447316135","kind":"service","service":"parking_aisle","oneway":true},"geometry":{"type":"LineString","coordinates":[[-88.316201,36.618136],[-88.316593,36.618121],[-88.316966,36.618104],[-88.316984,36.617904],[-88.316652,36.617912],[-88.316202,36.617917]]}},
{"type":"Feature","properties":{"osmId":"way/1447316136","kind":"service","service":"parking_aisle"},"geometry":{"type":"LineString","coordinates":[[-88.316984,36.617904],[-88.316963,36.617772],[-88.316202,36.617772]]}},
{"type":"Feature","properties":{"osmId":"way/1447316137","kind":"service","service":"parking_aisle"},"geometry":{"type":"LineString","coordinates":[[-88.316204,36.617473],[-88.316024,36.617473]]}},
{"type":"Feature","properties":{"osmId":"way/1447316138","kind":"service","service":"parking_aisle"},"geometry":{"type":"LineString","coordinates":[[-88.315937,36.617015],[-88.315938,36.617092],[-88.315939,36.617143]]}},
{"type":"Feature","properties":{"osmId":"way/1447316139","kind":"service","service":"parking_aisle"},"geometry":{"type":"LineString","coordinates":[[-88.315071,36.617525],[-88.315397,36.617497],[-88.315429,36.617495],[-88.315525,36.617531],[-88.315941,36.617518],[-88.316024,36.617473],[-88.315987,36.617182],[-88.315939,36.617143]]}},
{"type":"Feature","properties":{"osmId":"way/1447316141","kind":"service","service":"parking_aisle"},"geometry":{"type":"LineString","coordinates":[[-88.315939,36.617143],[-88.315437,36.617206],[-88.315422,36.617314],[-88.315397,36.617497]]}},
{"type":"Feature","properties":{"osmId":"way/1447316142","kind":"service","service":"parking_aisle","oneway":true},"geometry":{"type":"LineString","coordinates":[[-88.315429,36.617495],[-88.31589,36.617466],[-88.315906,36.617442],[-88.315895,36.617324],[-88.315885,36.617289],[-88.31585,36.617283],[-88.315756,36.617293],[-88.315654,36.617293],[-88.315541,36.617304],[-88.315422,36.617314]]}},
{"type":"Feature","properties":{"osmId":"way/1447316143","kind":"service","service":"parking_aisle"},"geometry":{"type":"LineString","coordinates":[[-88.319814,36.616879],[-88.319812,36.616834],[-88.319804,36.61669],[-88.31979,36.616528],[-88.319783,36.616412],[-88.319801,36.616366],[-88.319857,36.616348],[-88.320847,36.616305],[-88.320844,36.616363],[-88.320839,36.616497],[-88.31979,36.616528]]}},
{"type":"Feature","properties":{"osmId":"way/1447316144","kind":"service","service":"parking_aisle"},"geometry":{"type":"LineString","coordinates":[[-88.320864,36.616812],[-88.32086,36.616761],[-88.320853,36.616669],[-88.320839,36.616497]]}},
{"type":"Feature","properties":{"osmId":"way/1447316145","kind":"service","service":"parking_aisle"},"geometry":{"type":"LineString","coordinates":[[-88.320853,36.616669],[-88.319804,36.61669]]}},
{"type":"Feature","properties":{"osmId":"way/1447316146","kind":"service","service":"parking_aisle","oneway":true},"geometry":{"type":"LineString","coordinates":[[-88.320844,36.616363],[-88.320976,36.616292],[-88.321088,36.6162],[-88.321118,36.616124],[-88.321059,36.61604],[-88.320997,36.616027],[-88.320898,36.616045],[-88.320844,36.616094]]}},
{"type":"Feature","properties":{"osmId":"way/1447316147","kind":"service","service":"parking_aisle"},"geometry":{"type":"LineString","coordinates":[[-88.320844,36.616094],[-88.320847,36.616305]]}},
{"type":"Feature","properties":{"osmId":"way/1447316148","kind":"service","service":"parking_aisle"},"geometry":{"type":"LineString","coordinates":[[-88.324344,36.61978],[-88.324208,36.619778],[-88.324202,36.619687],[-88.323129,36.619664],[-88.323132,36.61984],[-88.324189,36.619868],[-88.324208,36.619778]]}},
{"type":"Feature","properties":{"osmId":"way/1447316149","kind":"service","service":"parking_aisle"},"geometry":{"type":"LineString","coordinates":[[-88.324189,36.619868],[-88.324185,36.620023],[-88.324182,36.620161],[-88.324178,36.620312]]}},
{"type":"Feature","properties":{"osmId":"way/1447316150","kind":"service","service":"parking_aisle","oneway":true},"geometry":{"type":"LineString","coordinates":[[-88.323556,36.620309],[-88.324178,36.620312]]}},
{"type":"Feature","properties":{"osmId":"way/1447316151","kind":"service","service":"parking_aisle"},"geometry":{"type":"LineString","coordinates":[[-88.324182,36.620161],[-88.323545,36.620154]]}},
{"type":"Feature","properties":{"osmId":"way/1447316152","kind":"service","service":"parking_aisle"},"geometry":{"type":"LineString","coordinates":[[-88.323556,36.620309],[-88.323545,36.620154]]}},
{"type":"Feature","properties":{"osmId":"way/1447316153","kind":"service","service":"parking_aisle","oneway":true},"geometry":{"type":"LineString","coordinates":[[-88.324185,36.620023],[-88.323545,36.620015],[-88.323545,36.620154]]}},
{"type":"Feature","properties":{"osmId":"way/1447316154","kind":"service","service":"parking_aisle"},"geometry":{"type":"LineString","coordinates":[[-88.323129,36.619664],[-88.32288,36.619597]]}},
{"type":"Feature","properties":{"osmId":"way/1447316155","kind":"service","service":"parking_aisle"},"geometry":{"type":"LineString","coordinates":[[-88.321442,36.620531],[-88.321796,36.620538],[-88.321804,36.620682]]}},
{"type":"Feature","properties":{"osmId":"way/1447316156","kind":"service","service":"parking_aisle"},"geometry":{"type":"LineString","coordinates":[[-88.321796,36.620538],[-88.321796,36.620346],[-88.321441,36.620333]]}},
{"type":"Feature","properties":{"osmId":"way/1447316157","kind":"service","service":"parking_aisle"},"geometry":{"type":"LineString","coordinates":[[-88.322263,36.621296],[-88.322255,36.62164],[-88.322553,36.621661]]}},
{"type":"Feature","properties":{"osmId":"way/1447316158","kind":"service","service":"parking_aisle"},"geometry":{"type":"LineString","coordinates":[[-88.324327,36.621726],[-88.323977,36.621713],[-88.323832,36.621728],[-88.323711,36.621778],[-88.323685,36.621844],[-88.323658,36.621913],[-88.323642,36.621933],[-88.32362,36.621958],[-88.323466,36.621991],[-88.323403,36.622004],[-88.323376,36.622005],[-88.323264,36.622009],[-88.323239,36.62201],[-88.323068,36.622012],[-88.322858,36.622014]]}},
{"type":"Feature","properties":{"osmId":"way/1447316159","kind":"service","service":"parking_aisle"},"geometry":{"type":"LineString","coordinates":[[-88.323068,36.622012],[-88.323062,36.621715]]}},
{"type":"Feature","properties":{"osmId":"way/1447316160","kind":"service","service":"parking_aisle"},"geometry":{"type":"LineString","coordinates":[[-88.323264,36.622009],[-88.323253,36.621704]]}},
{"type":"Feature","properties":{"osmId":"way/1447316161","kind":"service","service":"parking_aisle"},"geometry":{"type":"LineString","coordinates":[[-88.323459,36.621694],[-88.323466,36.621991]]}},
{"type":"Feature","properties":{"osmId":"way/1447316162","kind":"service","service":"parking_aisle"},"geometry":{"type":"LineString","coordinates":[[-88.32365,36.621687],[-88.323685,36.621844]]}},
{"type":"Feature","properties":{"osmId":"way/1447316163","kind":"service","service":"parking_aisle"},"geometry":{"type":"LineString","coordinates":[[-88.323376,36.622005],[-88.323424,36.622075],[-88.32347,36.622103],[-88.32354,36.622111],[-88.323596,36.622101],[-88.323644,36.622075],[-88.323669,36.622038],[-88.323669,36.621993],[-88.323642,36.621933]]}},
{"type":"Feature","properties":{"osmId":"way/1447316164","kind":"service","service":"parking_aisle","oneway":true},"geometry":{"type":"LineString","coordinates":[[-88.322868,36.621606],[-88.323563,36.621589],[-88.323601,36.621555],[-88.323605,36.621507],[-88.323584,36.621479],[-88.323561,36.621467],[-88.322871,36.621504]]}},
{"type":"Feature","properties":{"osmId":"way/1447316165","kind":"service","service":"parking_aisle"},"geometry":{"type":"LineString","coordinates":[[-88.329398,36.621805],[-88.329392,36.621592],[-88.329107,36.621592]]}},
{"type":"Feature","properties":{"osmId":"way/1447316166","kind":"service","service":"parking_aisle"},"geometry":{"type":"LineString","coordinates":[[-88.329392,36.621592],[-88.329402,36.621062],[-88.329416,36.621027],[-88.329511,36.620943]]}},
{"type":"Feature","properties":{"osmId":"way/1447316167","kind":"service","service":"parking_aisle"},"geometry":{"type":"LineString","coordinates":[[-88.328651,36.621839],[-88.328624,36.621658],[-88.328794,36.621635],[-88.328896,36.621618],[-88.328944,36.621587],[-88.328948,36.62152],[-88.328924,36.621354],[-88.328794,36.621333],[-88.328619,36.621349]]}},
{"type":"Feature","properties":{"osmId":"way/1447316168","kind":"service","service":"parking_aisle"},"geometry":{"type":"LineString","coordinates":[[-88.328286,36.621881],[-88.328356,36.62211],[-88.328393,36.622232]]}},
{"type":"Feature","properties":{"osmId":"way/1447316169","kind":"service","service":"parking_aisle"},"geometry":{"type":"LineString","coordinates":[[-88.328715,36.622406],[-88.328651,36.622068],[-88.328608,36.621842]]}},
{"type":"Feature","properties":{"osmId":"way/1447316170","kind":"service","service":"parking_aisle"},"geometry":{"type":"LineString","coordinates":[[-88.328651,36.622068],[-88.328356,36.62211]]}},
{"type":"Feature","properties":{"osmId":"way/1447316171","kind":"service","service":"parking_aisle"},"geometry":{"type":"LineString","coordinates":[[-88.327457,36.62203],[-88.327489,36.622492],[-88.327849,36.622475],[-88.327813,36.62196]]}},
{"type":"Feature","properties":{"osmId":"way/1447316172","kind":"service","service":"parking_aisle"},"geometry":{"type":"LineString","coordinates":[[-88.327489,36.622492],[-88.327473,36.622529],[-88.327471,36.622619],[-88.327438,36.622652],[-88.327438,36.622718],[-88.327438,36.622776],[-88.327465,36.622832],[-88.327479,36.622895],[-88.327527,36.623015],[-88.327905,36.623005],[-88.327932,36.62308],[-88.328028,36.623074]]}},
{"type":"Feature","properties":{"osmId":"way/1447316173","kind":"service","service":"parking_aisle"},"geometry":{"type":"LineString","coordinates":[[-88.327532,36.623207],[-88.327948,36.623179],[-88.327932,36.62308]]}},
{"type":"Feature","properties":{"osmId":"way/1447316174","kind":"service","service":"parking_aisle"},"geometry":{"type":"LineString","coordinates":[[-88.327905,36.623005],[-88.327935,36.622947],[-88.327943,36.622768],[-88.327913,36.622598],[-88.32791,36.62254]]}},
{"type":"Feature","properties":{"osmId":"way/1447316175","kind":"service","service":"parking_aisle"},"geometry":{"type":"LineString","coordinates":[[-88.32791,36.62254],[-88.327849,36.622475]]}},
{"type":"Feature","properties":{"osmId":"way/1447316176","kind":"service","service":"parking_aisle","oneway":true},"geometry":{"type":"LineString","coordinates":[[-88.327471,36.622619],[-88.327519,36.622645],[-88.327532,36.622723],[-88.32753,36.622785],[-88.327465,36.622832]]}},
{"type":"Feature","properties":{"osmId":"way/1447316177","kind":"service","service":"parking_aisle"},"geometry":{"type":"LineString","coordinates":[[-88.325876,36.622373],[-88.325915,36.622533],[-88.325952,36.622677],[-88.325936,36.623306]]}},
{"type":"Feature","properties":{"osmId":"way/1447316178","kind":"service","service":"parking_aisle"},"geometry":{"type":"LineString","coordinates":[[-88.327344,36.623252],[-88.326931,36.623239],[-88.326953,36.622538],[-88.327328,36.622466]]}},
{"type":"Feature","properties":{"osmId":"way/1447316179","kind":"service","service":"parking_aisle"},"geometry":{"type":"LineString","coordinates":[[-88.326953,36.622538],[-88.326958,36.622449],[-88.326974,36.622367],[-88.326913,36.622148]]}},
{"type":"Feature","properties":{"osmId":"way/1447316180","kind":"service","service":"parking_aisle"},"geometry":{"type":"LineString","coordinates":[[-88.326438,36.622251],[-88.326462,36.6224],[-88.326478,36.622721],[-88.326494,36.623058]]}},
{"type":"Feature","properties":{"osmId":"way/1447316181","kind":"service","service":"parking_aisle"},"geometry":{"type":"LineString","coordinates":[[-88.326494,36.623058],[-88.32669,36.623054],[-88.326671,36.622718],[-88.326478,36.622721]]}},
{"type":"Feature","properties":{"osmId":"way/1447316182","kind":"service","service":"parking_aisle","oneway":true},"geometry":{"type":"LineString","coordinates":[[-88.326494,36.623058],[-88.326478,36.623411],[-88.326701,36.623422],[-88.326717,36.623388],[-88.326776,36.623366],[-88.326781,36.623216],[-88.326765,36.623065]]}},
{"type":"Feature","properties":{"osmId":"way/1447316183","kind":"service","service":"parking_aisle"},"geometry":{"type":"LineString","coordinates":[[-88.326765,36.623065],[-88.32669,36.623054]]}},
{"type":"Feature","properties":{"osmId":"way/1454526592","kind":"service"},"geometry":{"type":"LineString","coordinates":[[-88.342039,36.624889],[-88.342105,36.624714],[-88.342169,36.624546],[-88.342233,36.62438],[-88.341621,36.62421]]}},
{"type":"Feature","properties":{"osmId":"way/1454526593","kind":"service"},"geometry":{"type":"LineString","coordinates":[[-88.342105,36.624714],[-88.34148,36.624549]]}},
{"type":"Feature","properties":{"osmId":"way/1454526594","kind":"service","service":"parking_aisle"},"geometry":{"type":"LineString","coordinates":[[-88.342169,36.624546],[-88.34155,36.624378]]}},
{"type":"Feature","properties":{"osmId":"way/1454526595","kind":"service"},"geometry":{"type":"LineString","coordinates":[[-88.341754,36.623868],[-88.341621,36.62421],[-88.34155,36.624378],[-88.34148,36.624549],[-88.341408,36.624721]]}},
{"type":"Feature","properties":{"osmId":"way/1454526596","kind":"service"},"geometry":{"type":"LineString","coordinates":[[-88.342194,36.62398],[-88.341754,36.623868],[-88.341231,36.623739]]}},
{"type":"Feature","properties":{"osmId":"way/1454527290","kind":"primary","name":"121 North"},"geometry":{"type":"LineString","coordinates":[[-88.342229,36.624939],[-88.343029,36.625145],[-88.343569,36.625298],[-88.344058,36.62543],[-88.34449,36.625544],[-88.345081,36.625703],[-88.347291,36.626293],[-88.351723,36.62749],[-88.353268,36.62788],[-88.353727,36.628011],[-88.358049,36.629163],[-88.359556,36.629565],[-88.360738,36.629892]]}},
{"type":"Feature","properties":{"osmId":"way/1459429351","kind":"residential","name":"Poplar Street"},"geometry":{"type":"LineString","coordinates":[[-88.305843,36.608701],[-88.306138,36.608703],[-88.306317,36.608703],[-88.306687,36.608697],[-88.307076,36.608688],[-88.307598,36.608675],[-88.30783,36.608669],[-88.307913,36.608667],[-88.308131,36.608662],[-88.308542,36.608652],[-88.309211,36.608641],[-88.310191,36.608616],[-88.310682,36.608604],[-88.311871,36.608589],[-88.313032,36.608562],[-88.314086,36.608545],[-88.314985,36.608513],[-88.31522,36.608505],[-88.315854,36.608491],[-88.316481,36.608465],[-88.318326,36.608422],[-88.318832,36.60841],[-88.319478,36.608392],[-88.320101,36.608382],[-88.321053,36.608356],[-88.321898,36.608332],[-88.323147,36.60831],[-88.324431,36.608288]]}},
{"type":"Feature","properties":{"osmId":"way/1464532545","kind":"service","service":"parking_aisle"},"geometry":{"type":"LineString","coordinates":[[-88.319112,36.624892],[-88.319217,36.624869],[-88.319429,36.624822],[-88.319638,36.624777],[-88.319786,36.624745],[-88.320135,36.62467]]}},
{"type":"Feature","properties":{"osmId":"way/1465009438","kind":"primary","name":"121 North","oneway":true},"geometry":{"type":"LineString","coordinates":[[-88.318338,36.623935],[-88.318444,36.62398],[-88.318719,36.62395],[-88.319178,36.623883],[-88.319732,36.623784],[-88.320217,36.623678],[-88.320734,36.62357],[-88.321594,36.623382],[-88.322894,36.623086],[-88.324331,36.622768],[-88.324547,36.622724],[-88.324647,36.622656]]}},
{"type":"Feature","properties":{"osmId":"way/1465009439","kind":"primary","name":"121 North"},"geometry":{"type":"LineString","coordinates":[[-88.318338,36.623935],[-88.317065,36.624024],[-88.316912,36.624029],[-88.316515,36.624045],[-88.316304,36.624051],[-88.315562,36.624081],[-88.315093,36.624092],[-88.314839,36.624106]]}},
{"type":"Feature","properties":{"osmId":"way/1465009440","kind":"primary","name":"121 North","oneway":true},"geometry":{"type":"LineString","coordinates":[[-88.324647,36.622656],[-88.324522,36.622621],[-88.324331,36.622655],[-88.322842,36.622975],[-88.321554,36.62325],[-88.320816,36.623412],[-88.320223,36.623543],[-88.319737,36.623662],[-88.319096,36.62378],[-88.318694,36.623832],[-88.318414,36.623866],[-88.318338,36.623935]]}},
{"type":"Feature","properties":{"osmId":"way/1465196792","kind":"service","service":"driveway"},"geometry":{"type":"LineString","coordinates":[[-88.314597,36.617059],[-88.314583,36.616882],[-88.314665,36.616875],[-88.314798,36.616864],[-88.314825,36.61684],[-88.314831,36.616548],[-88.314635,36.616536],[-88.314567,36.616553],[-88.314562,36.616574],[-88.314583,36.616882]]}},
{"type":"Feature","properties":{"osmId":"way/1465196793","kind":"service","service":"driveway"},"geometry":{"type":"LineString","coordinates":[[-88.314458,36.617063],[-88.314422,36.616457],[-88.314401,36.616413],[-88.314327,36.616397],[-88.314234,36.616423],[-88.31421,36.61647],[-88.314201,36.616524],[-88.314232,36.617069]]}},
{"type":"Feature","properties":{"osmId":"way/1471759482","kind":"service"},"geometry":{"type":"LineString","coordinates":[[-88.337377,36.623647],[-88.337331,36.623748],[-88.337325,36.623866],[-88.337355,36.624491],[-88.337398,36.624528],[-88.337758,36.62453],[-88.337789,36.624508],[-88.337777,36.623833],[-88.337804,36.623761]]}},
{"type":"Feature","properties":{"osmId":"way/1479093947","kind":"service","service":"parking_aisle"},"geometry":{"type":"LineString","coordinates":[[-88.339576,36.621745],[-88.339633,36.621646],[-88.339695,36.621531],[-88.33972,36.621408],[-88.339738,36.62118],[-88.339744,36.620998],[-88.339743,36.620726],[-88.339752,36.620525],[-88.339794,36.620497]]}},
{"type":"Feature","properties":{"osmId":"way/1487013579","kind":"tertiary","name":"Chestnut Street"},"geometry":{"type":"LineString","coordinates":[[-88.322923,36.616743],[-88.323144,36.61675],[-88.323364,36.616749],[-88.323414,36.616748],[-88.323489,36.616746],[-88.324383,36.616721]]}},
{"type":"Feature","properties":{"osmId":"way/1493014240","kind":"unclassified"},"geometry":{"type":"LineString","coordinates":[[-88.318694,36.623832],[-88.318719,36.62395]]}},
{"type":"Feature","properties":{"osmId":"way/1493014241","kind":"residential"},"geometry":{"type":"LineString","coordinates":[[-88.321594,36.623382],[-88.321554,36.62325]]}},
{"type":"Feature","properties":{"osmId":"way/1493014242","kind":"tertiary","name":"North 16th Street"},"geometry":{"type":"LineString","coordinates":[[-88.324325,36.621258],[-88.324327,36.621726],[-88.324329,36.622168],[-88.324331,36.622655],[-88.324331,36.622768]]}},
{"type":"Feature","properties":{"osmId":"way/1524798306","kind":"service"},"geometry":{"type":"LineString","coordinates":[[-88.322879,36.620108],[-88.322304,36.620093],[-88.322242,36.620084],[-88.322199,36.620045],[-88.322131,36.619738]]}},
{"type":"Feature","properties":{"osmId":"way/16117707","kind":"service","name":"Ic-8101A"},"geometry":{"type":"LineString","coordinates":[[-88.316502,36.622806],[-88.316539,36.622628],[-88.316569,36.622484],[-88.316565,36.622418]]}},
{"type":"Feature","properties":{"osmId":"way/16117709","kind":"residential","name":"Ic-8101A"},"geometry":{"type":"LineString","coordinates":[[-88.318694,36.623832],[-88.318623,36.623516],[-88.318482,36.62291],[-88.318461,36.622804],[-88.318392,36.622452],[-88.318378,36.622338],[-88.318406,36.622239],[-88.318456,36.622149],[-88.318499,36.622072],[-88.318575,36.621906],[-88.318633,36.621715],[-88.318644,36.621662],[-88.318666,36.62155],[-88.318684,36.621188],[-88.318603,36.620841],[-88.318565,36.620713],[-88.318532,36.62063]]}},
{"type":"Feature","properties":{"osmId":"way/16117718","kind":"residential","name":"Irvan Street"},"geometry":{"type":"LineString","coordinates":[[-88.318823,36.602898],[-88.318831,36.60555],[-88.318819,36.60591],[-88.318828,36.606723],[-88.318832,36.607746],[-88.318832,36.60841]]}},
{"type":"Feature","properties":{"osmId":"way/16117748","kind":"residential","name":"Covey Drive"},"geometry":{"type":"LineString","coordinates":[[-88.333496,36.624521],[-88.334854,36.6246],[-88.336848,36.624698],[-88.336993,36.624723],[-88.337055,36.624748],[-88.337197,36.624833],[-88.337256,36.624855]]}},
{"type":"Feature","properties":{"osmId":"way/16117777","kind":"service","name":"Ic-8101C"},"geometry":{"type":"LineString","coordinates":[[-88.321554,36.62325],[-88.321411,36.622854],[-88.321343,36.622683],[-88.321273,36.622506],[-88.321223,36.622381],[-88.321171,36.622287],[-88.32115,36.62225],[-88.321068,36.622131],[-88.32101,36.622062],[-88.320931,36.621969],[-88.320884,36.621923],[-88.320828,36.621868],[-88.32057,36.621695],[-88.32048,36.621639],[-88.320345,36.62157],[-88.320124,36.621478],[-88.32001,36.621444],[-88.319972,36.621443],[-88.319942,36.621455],[-88.319921,36.621476],[-88.319908,36.621536]]}},
{"type":"Feature","properties":{"osmId":"way/16117798","kind":"service","name":"Ic-8101D"},"geometry":{"type":"LineString","coordinates":[[-88.321411,36.622854],[-88.321348,36.622823],[-88.321266,36.622813],[-88.321058,36.62282],[-88.32099,36.622833],[-88.320937,36.622866],[-88.320909,36.622921],[-88.320898,36.623152],[-88.320658,36.623192]]}},
{"type":"Feature","properties":{"osmId":"way/16117802","kind":"residential","name":"Farris Avenue"},"geometry":{"type":"LineString","coordinates":[[-88.319111,36.611272],[-88.31662,36.611395]]}},
{"type":"Feature","properties":{"osmId":"way/16117803","kind":"service","name":"Ic-8101E"},"geometry":{"type":"LineString","coordinates":[[-88.321806,36.621293],[-88.321801,36.621712],[-88.321819,36.622175],[-88.321813,36.622199],[-88.321767,36.622229],[-88.3216,36.622237]]}},
{"type":"Feature","properties":{"osmId":"way/16117987","kind":"residential"},"geometry":{"type":"LineString","coordinates":[[-88.333496,36.624521],[-88.333397,36.624499],[-88.333347,36.624504],[-88.333287,36.624533],[-88.332957,36.624791],[-88.332902,36.624822],[-88.332777,36.624856],[-88.331703,36.62487]]}},
{"type":"Feature","properties":{"osmId":"way/16118221","kind":"service","service":"parking_aisle"},"geometry":{"type":"LineString","coordinates":[[-88.340081,36.617495],[-88.340089,36.617836],[-88.340017,36.618729],[-88.340085,36.618826],[-88.340084,36.618928],[-88.340081,36.619137],[-88.340074,36.619686],[-88.340072,36.619847]]}},
{"type":"Feature","properties":{"osmId":"way/16118262","kind":"residential"},"geometry":{"type":"LineString","coordinates":[[-88.324332,36.623676],[-88.323606,36.62368],[-88.323519,36.62369],[-88.323355,36.623708],[-88.323162,36.623749],[-88.323091,36.623764],[-88.322739,36.623867],[-88.322483,36.623942],[-88.322368,36.623967],[-88.322028,36.62404],[-88.321819,36.624085]]}},
{"type":"Feature","properties":{"osmId":"way/16118273","kind":"residential"},"geometry":{"type":"LineString","coordinates":[[-88.318306,36.61255],[-88.318309,36.612431]]}},
{"type":"Feature","properties":{"osmId":"way/16118277","kind":"residential"},"geometry":{"type":"LineString","coordinates":[[-88.337749,36.617373],[-88.337756,36.617069],[-88.337779,36.616205],[-88.337796,36.615517]]}},
{"type":"Feature","properties":{"osmId":"way/16118382","kind":"residential"},"geometry":{"type":"LineString","coordinates":[[-88.327603,36.620351],[-88.327238,36.620457],[-88.326498,36.620404]]}},
{"type":"Feature","properties":{"osmId":"way/16118844","kind":"service"},"geometry":{"type":"LineString","coordinates":[[-88.335698,36.6232],[-88.335662,36.623615],[-88.335646,36.623813],[-88.336022,36.623806],[-88.336608,36.623794],[-88.336698,36.62373],[-88.336786,36.62349]]}},
{"type":"Feature","properties":{"osmId":"way/16118848","kind":"service"},"geometry":{"type":"LineString","coordinates":[[-88.327349,36.619875],[-88.32566,36.620048]]}},
{"type":"Feature","properties":{"osmId":"way/16118849","kind":"service"},"geometry":{"type":"LineString","coordinates":[[-88.327124,36.619419],[-88.326274,36.619534]]}},
{"type":"Feature","properties":{"osmId":"way/16118903","kind":"residential","name":"Ic-8101F"},"geometry":{"type":"LineString","coordinates":[[-88.321441,36.620174],[-88.321153,36.620159],[-88.320433,36.6201],[-88.320009,36.620037],[-88.319865,36.620033],[-88.318369,36.620056]]}},
{"type":"Feature","properties":{"osmId":"way/16118918","kind":"service","service":"parking_aisle","name":"Ic-8101G"},"geometry":{"type":"LineString","coordinates":[[-88.322881,36.619107],[-88.322102,36.61908],[-88.321449,36.619051],[-88.320188,36.618984],[-88.320149,36.61897],[-88.320095,36.618914],[-88.320005,36.618568],[-88.319893,36.618192],[-88.319875,36.618093],[-88.31988,36.618045],[-88.319916,36.617954],[-88.319997,36.617831],[-88.32006,36.617747]]}},
{"type":"Feature","properties":{"osmId":"way/16118926","kind":"residential","name":"Vaughn Drive","oneway":true},"geometry":{"type":"LineString","coordinates":[[-88.325193,36.608185],[-88.325218,36.606637]]}},
{"type":"Feature","properties":{"osmId":"way/16118932","kind":"service","name":"Ic-8101H"},"geometry":{"type":"LineString","coordinates":[[-88.322896,36.617685],[-88.322137,36.61768],[-88.321524,36.617712],[-88.321381,36.617716],[-88.321323,36.617717],[-88.32053,36.617742],[-88.320422,36.617757],[-88.320337,36.617801],[-88.320274,36.617868],[-88.320228,36.617948],[-88.320175,36.618128],[-88.320166,36.618224],[-88.320172,36.618322],[-88.320224,36.61853],[-88.3203,36.618738],[-88.32032,36.618765],[-88.320384,36.618796],[-88.321377,36.618852],[-88.321513,36.61886],[-88.322113,36.618884],[-88.32288,36.618916]]}},
{"type":"Feature","properties":{"osmId":"way/16118948","kind":"service","service":"parking_aisle","name":"Ic-8101I"},"geometry":{"type":"LineString","coordinates":[[-88.322895,36.617868],[-88.322137,36.617864],[-88.322137,36.61768],[-88.322131,36.617503],[-88.321558,36.617526]]}},
{"type":"Feature","properties":{"osmId":"way/16118960","kind":"residential","name":"Ic-8101J"},"geometry":{"type":"LineString","coordinates":[[-88.318551,36.615106],[-88.318556,36.615203],[-88.318562,36.615329],[-88.318568,36.61545],[-88.318574,36.615579],[-88.318581,36.615706],[-88.318587,36.615833],[-88.318587,36.615843],[-88.318647,36.616117],[-88.318693,36.616873],[-88.318695,36.616933]]}},
{"type":"Feature","properties":{"osmId":"way/16119116","kind":"unclassified","name":"Wal-Mart Drive"},"geometry":{"type":"LineString","coordinates":[[-88.318719,36.62395],[-88.318957,36.624902],[-88.318992,36.625118],[-88.318996,36.625146],[-88.319122,36.625931],[-88.319173,36.626325],[-88.319183,36.626497],[-88.319176,36.627023],[-88.319165,36.627914],[-88.319164,36.627999]]}},
{"type":"Feature","properties":{"osmId":"way/16119141","kind":"residential","name":"Glenwood Drive"},"geometry":{"type":"LineString","coordinates":[[-88.337923,36.609794],[-88.338393,36.609792],[-88.34045,36.609792],[-88.34165,36.609798],[-88.342878,36.609805],[-88.344122,36.609822],[-88.34473,36.609826]]}},
{"type":"Feature","properties":{"osmId":"way/16119162","kind":"trunk","name":"North 12th Street"},"geometry":{"type":"LineString","coordinates":[[-88.315225,36.610571],[-88.315214,36.611561],[-88.315209,36.611942],[-88.315207,36.612158],[-88.315202,36.612574],[-88.31519,36.613008],[-88.315183,36.61326],[-88.315181,36.613325],[-88.315176,36.613492],[-88.315163,36.613963],[-88.315135,36.615226],[-88.315127,36.615503],[-88.315115,36.61592],[-88.315107,36.616224],[-88.315101,36.616422],[-88.315087,36.616939],[-88.315084,36.617045],[-88.315081,36.617161],[-88.315074,36.617424],[-88.315071,36.617525],[-88.315052,36.618226],[-88.31503,36.619072],[-88.314972,36.621299],[-88.314938,36.621952],[-88.314904,36.622791],[-88.314839,36.624106]]}},
{"type":"Feature","properties":{"osmId":"way/16119164","kind":"residential","name":"Hamilton Avenue"},"geometry":{"type":"LineString","coordinates":[[-88.329593,36.613151],[-88.327453,36.613138],[-88.327197,36.613136],[-88.326329,36.61312]]}},
{"type":"Feature","properties":{"osmId":"way/16119170","kind":"tertiary","name":"North 16th Street"},"geometry":{"type":"LineString","coordinates":[[-88.324357,36.609358],[-88.324362,36.610259],[-88.324362,36.610326],[-88.32437,36.610587],[-88.324367,36.610804],[-88.324376,36.611191],[-88.324378,36.612105],[-88.324392,36.61297],[-88.324395,36.613329],[-88.3244,36.613869],[-88.324391,36.614806],[-88.324391,36.614861],[-88.324378,36.615499],[-88.324372,36.615796],[-88.324376,36.61615],[-88.324383,36.616721]]}},
{"type":"Feature","properties":{"osmId":"way/16119271","kind":"residential","name":"Birchwood Drive"},"geometry":{"type":"LineString","coordinates":[[-88.340401,36.608151],[-88.34045,36.609792]]}},
{"type":"Feature","properties":{"osmId":"way/16119676","kind":"service","name":"Stadium Drive"},"geometry":{"type":"LineString","coordinates":[[-88.318623,36.623516],[-88.31877,36.623491],[-88.318842,36.623467],[-88.318954,36.623417]]}},
{"type":"Feature","properties":{"osmId":"way/16119679","kind":"service","service":"parking_aisle","name":"Stadium Drive"},"geometry":{"type":"LineString","coordinates":[[-88.319002,36.623439],[-88.318954,36.623417],[-88.318901,36.623364],[-88.318882,36.623298],[-88.318887,36.623266],[-88.31892,36.623208],[-88.318977,36.623167],[-88.319048,36.623147],[-88.319131,36.623154],[-88.319171,36.623169],[-88.319232,36.623218],[-88.319251,36.62325],[-88.319259,36.623321],[-88.319248,36.623354],[-88.319196,36.623412],[-88.31916,36.623433],[-88.319072,36.62345],[-88.319002,36.623439]]}},
{"type":"Feature","properties":{"osmId":"way/16119806","kind":"residential","name":"Paramount Drive"},"geometry":{"type":"LineString","coordinates":[[-88.321977,36.62457],[-88.321823,36.624097],[-88.321819,36.624085],[-88.321594,36.623382]]}},
{"type":"Feature","properties":{"osmId":"way/16119813","kind":"service","name":"Ic-8101"},"geometry":{"type":"LineString","coordinates":[[-88.323258,36.609499],[-88.323296,36.610026]]}},
{"type":"Feature","properties":{"osmId":"way/16119822","kind":"residential","name":"Gilbert Graves Circle"},"geometry":{"type":"LineString","coordinates":[[-88.316502,36.622806],[-88.316462,36.622988],[-88.316419,36.623181],[-88.316389,36.623287],[-88.316326,36.62356],[-88.316294,36.623698],[-88.316304,36.624051]]}},
{"type":"Feature","properties":{"osmId":"way/16119874","kind":"residential","name":"Sharpe Street"},"geometry":{"type":"LineString","coordinates":[[-88.315163,36.613963],[-88.314491,36.613973],[-88.311829,36.614015],[-88.311076,36.614019],[-88.30846,36.614034]]}},
{"type":"Feature","properties":{"osmId":"way/16119936","kind":"residential","name":"Kentucky Avenue"},"geometry":{"type":"LineString","coordinates":[[-88.327197,36.613136],[-88.327134,36.614172],[-88.327082,36.614995],[-88.327016,36.615922],[-88.326948,36.616841]]}},
{"type":"Feature","properties":{"osmId":"way/16119941","kind":"residential","name":"Arcadia Circle"},"geometry":{"type":"LineString","coordinates":[[-88.31503,36.619072],[-88.314755,36.619075],[-88.314254,36.619081],[-88.314086,36.619083],[-88.313437,36.619105],[-88.312423,36.619139],[-88.311887,36.619157],[-88.31122,36.619176],[-88.310844,36.619188],[-88.310679,36.619193],[-88.310501,36.619199],[-88.310209,36.619208],[-88.310019,36.619214],[-88.309229,36.619247],[-88.309094,36.619247]]}},
{"type":"Feature","properties":{"osmId":"way/16120085","kind":"residential","name":"Shady Oaks Court"},"geometry":{"type":"LineString","coordinates":[[-88.33718,36.626894],[-88.337194,36.625371],[-88.337195,36.624948],[-88.337217,36.62489],[-88.337256,36.624855],[-88.337336,36.62487],[-88.337711,36.6249]]}},
{"type":"Feature","properties":{"osmId":"way/16120090","kind":"residential","name":"Shady Oaks Court"},"geometry":{"type":"LineString","coordinates":[[-88.337684,36.625645],[-88.337818,36.625581],[-88.337912,36.625555],[-88.338011,36.625542],[-88.338059,36.625515],[-88.33814,36.625445],[-88.338138,36.624918],[-88.338132,36.623848]]}},
{"type":"Feature","properties":{"osmId":"way/16120094","kind":"residential","name":"Shady Oaks Court"},"geometry":{"type":"LineString","coordinates":[[-88.337711,36.6249],[-88.337683,36.625405],[-88.337683,36.625496],[-88.337684,36.625645]]}},
{"type":"Feature","properties":{"osmId":"way/16120098","kind":"residential","name":"Shady Oaks Court"},"geometry":{"type":"LineString","coordinates":[[-88.339116,36.624112],[-88.33907,36.624381],[-88.338981,36.625345],[-88.338954,36.625468],[-88.338912,36.625519],[-88.338848,36.625541],[-88.338555,36.625555],[-88.33835,36.625586],[-88.338244,36.62559],[-88.338011,36.625542]]}},
{"type":"Feature","properties":{"osmId":"way/16120136","kind":"residential","name":"South 14th Street"},"geometry":{"type":"LineString","coordinates":[[-88.319478,36.608392],[-88.319662,36.609979]]}},
{"type":"Feature","properties":{"osmId":"way/16120247","kind":"residential","name":"College Terrace"},"geometry":{"type":"LineString","coordinates":[[-88.327134,36.614172],[-88.329595,36.614281]]}},
{"type":"Feature","properties":{"osmId":"way/16120271","kind":"residential","name":"Wells Boulevard"},"geometry":{"type":"LineString","coordinates":[[-88.31661,36.613782],[-88.319283,36.613751]]}},
{"type":"Feature","properties":{"osmId":"way/16120272","kind":"residential","name":"Wells Boulevard","oneway":true},"geometry":{"type":"LineString","coordinates":[[-88.316611,36.613863],[-88.318917,36.613825],[-88.319283,36.613751]]}},
{"type":"Feature","properties":{"osmId":"way/16120311","kind":"residential","name":"North 19th Street"},"geometry":{"type":"LineString","coordinates":[[-88.33296,36.617135],[-88.332963,36.620322]]}},
{"type":"Feature","properties":{"osmId":"way/16120353","kind":"residential","name":"Hickory Avenue"},"geometry":{"type":"LineString","coordinates":[[-88.329251,36.606611],[-88.329233,36.607464],[-88.329237,36.608595]]}},
{"type":"Feature","properties":{"osmId":"way/16120372","kind":"residential","name":"Miller Avenue"},"geometry":{"type":"LineString","coordinates":[[-88.324376,36.611191],[-88.32596,36.611204],[-88.327312,36.611201],[-88.329611,36.611222],[-88.332144,36.611236]]}},
{"type":"Feature","properties":{"osmId":"way/16120431","kind":"residential","name":"Walnut Street"},"geometry":{"type":"LineString","coordinates":[[-88.31185,36.61162],[-88.313553,36.611633]]}},
{"type":"Feature","properties":{"osmId":"way/16120438","kind":"residential","name":"Sha Wa Court"},"geometry":{"type":"LineString","coordinates":[[-88.331827,36.617082],[-88.331844,36.61865],[-88.331838,36.619286]]}},
{"type":"Feature","properties":{"osmId":"way/16120537","kind":"residential","name":"Monroe Avenue"},"geometry":{"type":"LineString","coordinates":[[-88.332103,36.614273],[-88.333919,36.614357],[-88.334655,36.614401]]}},
{"type":"Feature","properties":{"osmId":"way/16120580","kind":"residential","name":"Brentwood Avenue"},"geometry":{"type":"LineString","coordinates":[[-88.323147,36.60831],[-88.323158,36.607264],[-88.323162,36.606858],[-88.323164,36.606653],[-88.323175,36.606609]]}},
{"type":"Feature","properties":{"osmId":"way/16120623","kind":"residential","name":"Elm Street"},"geometry":{"type":"LineString","coordinates":[[-88.315216,36.606952],[-88.313027,36.606977]]}},
{"type":"Feature","properties":{"osmId":"way/16120642","kind":"residential","name":"Cr-1500C"},"geometry":{"type":"LineString","coordinates":[[-88.337711,36.6249],[-88.338138,36.624918]]}},
{"type":"Feature","properties":{"osmId":"way/16120790","kind":"residential","name":"Lincoln Avenue"},"geometry":{"type":"LineString","coordinates":[[-88.332154,36.611991],[-88.333977,36.612074],[-88.334594,36.612106]]}},
{"type":"Feature","properties":{"osmId":"way/16120804","kind":"residential","name":"Oakdale Drive"},"geometry":{"type":"LineString","coordinates":[[-88.333977,36.612074],[-88.333919,36.614357]]}},
{"type":"Feature","properties":{"osmId":"way/16120940","kind":"residential","name":"Payne Street"},"geometry":{"type":"LineString","coordinates":[[-88.315127,36.615503],[-88.31183,36.615544],[-88.311761,36.615545],[-88.311117,36.615554],[-88.309511,36.615577],[-88.309183,36.615579],[-88.308531,36.615592],[-88.308476,36.615593],[-88.307162,36.615632],[-88.305903,36.615664]]}},
{"type":"Feature","properties":{"osmId":"way/16120941","kind":"residential","name":"Payne Street"},"geometry":{"type":"LineString","coordinates":[[-88.321388,36.614992],[-88.320977,36.614988],[-88.320762,36.615026],[-88.320678,36.615029],[-88.319969,36.615065],[-88.319592,36.615076],[-88.318551,36.615106],[-88.318174,36.615118],[-88.317265,36.615146],[-88.317182,36.615148],[-88.316636,36.615181],[-88.316428,36.615187],[-88.316206,36.615194],[-88.31597,36.615201],[-88.315744,36.615208],[-88.315135,36.615226]]}},
{"type":"Feature","properties":{"osmId":"way/16121004","kind":"residential","name":"University Drive"},"geometry":{"type":"LineString","coordinates":[[-88.324362,36.610326],[-88.324262,36.610395],[-88.324144,36.610477],[-88.324007,36.610542],[-88.323835,36.610605],[-88.323666,36.610653],[-88.323474,36.6107],[-88.323382,36.610715],[-88.323174,36.61073],[-88.322998,36.610732]]}},
{"type":"Feature","properties":{"osmId":"way/16121007","kind":"residential","name":"University Drive","oneway":true},"geometry":{"type":"LineString","coordinates":[[-88.322998,36.610732],[-88.322806,36.61064],[-88.322712,36.610582],[-88.322621,36.61054],[-88.322565,36.610529],[-88.322254,36.61053],[-88.321921,36.610531],[-88.321818,36.610531]]}},
{"type":"Feature","properties":{"osmId":"way/16121011","kind":"residential","name":"University Drive","oneway":true},"geometry":{"type":"LineString","coordinates":[[-88.323666,36.610653],[-88.323875,36.610637],[-88.324012,36.610653],[-88.324141,36.610693],[-88.32427,36.610756],[-88.324367,36.610804]]}},
{"type":"Feature","properties":{"osmId":"way/16121013","kind":"residential","name":"University Drive"},"geometry":{"type":"LineString","coordinates":[[-88.32437,36.610587],[-88.324301,36.610546],[-88.324263,36.610532],[-88.324222,36.610527],[-88.324103,36.610525],[-88.324007,36.610542]]}},
{"type":"Feature","properties":{"osmId":"way/16121026","kind":"residential","name":"North 15th Street"},"geometry":{"type":"LineString","coordinates":[[-88.321816,36.609692],[-88.321823,36.609899],[-88.321818,36.610531],[-88.321816,36.610728],[-88.321816,36.610993],[-88.32182,36.611585],[-88.321824,36.612034],[-88.321826,36.612376],[-88.321824,36.612506]]}},
{"type":"Feature","properties":{"osmId":"way/16121040","kind":"residential","name":"Ryan Avenue"},"geometry":{"type":"LineString","coordinates":[[-88.324372,36.615796],[-88.324522,36.615803],[-88.326351,36.615891],[-88.327016,36.615922],[-88.329564,36.616018],[-88.330673,36.616064],[-88.332055,36.616124]]}},
{"type":"Feature","properties":{"osmId":"way/16121107","kind":"residential","name":"Dodson Street"},"geometry":{"type":"LineString","coordinates":[[-88.32687,36.618842],[-88.329055,36.618789],[-88.330433,36.618751]]}},
{"type":"Feature","properties":{"osmId":"way/16121154","kind":"residential","name":"Hughes Street"},"geometry":{"type":"LineString","coordinates":[[-88.319956,36.611016],[-88.320522,36.611009],[-88.320737,36.611006],[-88.321816,36.610993]]}},
{"type":"Feature","properties":{"osmId":"way/16121283","kind":"residential","name":"South 13th Street"},"geometry":{"type":"LineString","coordinates":[[-88.31651,36.602888],[-88.316509,36.603489],[-88.316508,36.604563],[-88.31651,36.605648],[-88.316475,36.606533],[-88.316495,36.607829],[-88.316481,36.608465],[-88.316483,36.609664],[-88.316485,36.610442]]}},
{"type":"Feature","properties":{"osmId":"way/16121310","kind":"residential","name":"U B Bailey Road"},"geometry":{"type":"LineString","coordinates":[[-88.33352,36.622614],[-88.333516,36.622928],[-88.333498,36.624325],[-88.333496,36.624521],[-88.333502,36.625362],[-88.333503,36.625444],[-88.333498,36.625854],[-88.333487,36.626787],[-88.333498,36.626881],[-88.333516,36.627042],[-88.333516,36.627159],[-88.333499,36.627532],[-88.333484,36.628828],[-88.333485,36.629116],[-88.333488,36.629901],[-88.33349,36.630395],[-88.333512,36.630885],[-88.333501,36.631518],[-88.33351,36.63181],[-88.333515,36.631964],[-88.333514,36.632084],[-88.333499,36.633888],[-88.333517,36.633995],[-88.333554,36.634094],[-88.333613,36.634185],[-88.333692,36.634266],[-88.333789,36.63434],[-88.33402,36.634473],[-88.334153,36.63453],[-88.334293,36.634575],[-88.33444,36.634609],[-88.334595,36.63463],[-88.338627,36.63487],[-88.340104,36.634939],[-88.340224,36.634954],[-88.340337,36.634982],[-88.340442,36.635027],[-88.340615,36.635144],[-88.340686,36.635218],[-88.340745,36.635305],[-88.340789,36.6354],[-88.340817,36.635503],[-88.340831,36.635613],[-88.340835,36.635849],[-88.340488,36.646787]]}},
{"type":"Feature","properties":{"osmId":"way/16121421","kind":"residential","name":"Olive Street"},"geometry":{"type":"LineString","coordinates":[[-88.325515,36.612122],[-88.325948,36.61213],[-88.326343,36.612135],[-88.329604,36.612175],[-88.332152,36.612194]]}},
{"type":"Feature","properties":{"osmId":"way/16121525","kind":"residential","name":"Poplar Street","oneway":true},"geometry":{"type":"LineString","coordinates":[[-88.326906,36.608025],[-88.325193,36.608185],[-88.324433,36.608242]]}},
{"type":"Feature","properties":{"osmId":"way/16121562","kind":"residential","name":"Crossfield Drive"},"geometry":{"type":"LineString","coordinates":[[-88.340621,36.60678],[-88.340783,36.607557],[-88.340819,36.607645],[-88.340868,36.607726],[-88.340971,36.607839],[-88.341079,36.607924],[-88.341347,36.608086],[-88.34143,36.608147],[-88.341499,36.608214],[-88.341551,36.608288],[-88.341587,36.608366],[-88.341621,36.608531],[-88.34165,36.609798],[-88.341652,36.610225]]}},
{"type":"Feature","properties":{"osmId":"way/16121622","kind":"residential","name":"Gilbert Graves Drive"},"geometry":{"type":"LineString","coordinates":[[-88.318532,36.62063],[-88.318447,36.620513],[-88.318349,36.620347],[-88.318304,36.620204],[-88.318293,36.620114]]}},
{"type":"Feature","properties":{"osmId":"way/16121624","kind":"residential","name":"Gilbert Graves Drive"},"geometry":{"type":"LineString","coordinates":[[-88.318275,36.619998],[-88.318232,36.619771],[-88.318252,36.619607],[-88.31837,36.619311],[-88.318586,36.618846],[-88.318677,36.618596],[-88.318816,36.618038],[-88.318894,36.617825],[-88.319034,36.617588],[-88.319074,36.617551],[-88.319155,36.617434],[-88.319246,36.617276],[-88.319304,36.617144],[-88.319352,36.616959],[-88.319366,36.616905]]}},
{"type":"Feature","properties":{"osmId":"way/16121833","kind":"tertiary","name":"Doran Road"},"geometry":{"type":"LineString","coordinates":[[-88.333532,36.587754],[-88.33355,36.589404],[-88.333611,36.592673],[-88.333629,36.594295],[-88.333663,36.595242],[-88.333667,36.596203],[-88.333676,36.597161],[-88.333674,36.599347],[-88.333632,36.60165],[-88.333631,36.601796],[-88.333625,36.602971],[-88.333612,36.604824],[-88.333592,36.607755]]}},
{"type":"Feature","properties":{"osmId":"way/16121889","kind":"primary","name":"State Highway 121"},"geometry":{"type":"LineString","coordinates":[[-88.342229,36.624939],[-88.342039,36.624889],[-88.341408,36.624721],[-88.340641,36.624517],[-88.339116,36.624112],[-88.338515,36.623951],[-88.338132,36.623848],[-88.337804,36.623761],[-88.337377,36.623647],[-88.336786,36.62349],[-88.336111,36.623314],[-88.335698,36.6232],[-88.33352,36.622614],[-88.332767,36.62241],[-88.332182,36.62225],[-88.331964,36.622191],[-88.331887,36.622171],[-88.331571,36.62209],[-88.331229,36.622009],[-88.331195,36.622002],[-88.331113,36.621985],[-88.330816,36.621924],[-88.330442,36.621867],[-88.330219,36.621843],[-88.329932,36.62182],[-88.329626,36.621807],[-88.329398,36.621805],[-88.32936,36.621805],[-88.329197,36.621809],[-88.329079,36.621811],[-88.328984,36.621816],[-88.328793,36.621826],[-88.328651,36.621839],[-88.328608,36.621842],[-88.328509,36.621851],[-88.328321,36.621875],[-88.328286,36.621881],[-88.327943,36.621935],[-88.327813,36.62196],[-88.327477,36.622026],[-88.327457,36.62203],[-88.326913,36.622148],[-88.326744,36.622185],[-88.326488,36.62224],[-88.326438,36.622251],[-88.326044,36.622337],[-88.325876,36.622373],[-88.325205,36.622523],[-88.324647,36.622656]]}},
{"type":"Feature","properties":{"osmId":"way/16121904","kind":"residential","name":"North 20th Street"},"geometry":{"type":"LineString","coordinates":[[-88.334114,36.621612],[-88.334112,36.620347],[-88.334116,36.617188]]}},
{"type":"Feature","properties":{"osmId":"way/16122024","kind":"residential","name":"Parks Street"},"geometry":{"type":"LineString","coordinates":[[-88.32783,36.620673],[-88.327779,36.620647],[-88.327741,36.620613],[-88.327715,36.620572],[-88.327603,36.620351],[-88.327349,36.619875],[-88.327133,36.619444],[-88.327124,36.619419],[-88.327113,36.619386],[-88.327098,36.619276],[-88.327108,36.619167]]}},
{"type":"Feature","properties":{"osmId":"way/16122198","kind":"residential","name":"Olive Boulevard","oneway":true},"geometry":{"type":"LineString","coordinates":[[-88.321826,36.612376],[-88.320995,36.612388],[-88.320759,36.612391],[-88.320123,36.6124],[-88.319976,36.612402],[-88.318309,36.612431],[-88.318253,36.612432],[-88.316845,36.612456],[-88.316772,36.612461],[-88.316621,36.612545]]}},
{"type":"Feature","properties":{"osmId":"way/16122199","kind":"residential","name":"Olive Boulevard","oneway":true},"geometry":{"type":"LineString","coordinates":[[-88.316621,36.612545],[-88.316751,36.612581],[-88.316931,36.612582],[-88.31825,36.612551],[-88.318306,36.61255],[-88.319974,36.612531],[-88.321824,36.612506]]}},
{"type":"Feature","properties":{"osmId":"way/16122228","kind":"residential","name":"Taylor Drive"},"geometry":{"type":"LineString","coordinates":[[-88.3317,36.625278],[-88.331703,36.62487],[-88.331706,36.624379]]}},
{"type":"Feature","properties":{"osmId":"way/16122265","kind":"residential","name":"North 14th Street"},"geometry":{"type":"LineString","coordinates":[[-88.319961,36.609937],[-88.319956,36.611016],[-88.319965,36.611606],[-88.319967,36.611789],[-88.319976,36.612402],[-88.319974,36.612531],[-88.319958,36.613456],[-88.319954,36.613725],[-88.319956,36.614088],[-88.319969,36.615065]]}},
{"type":"Feature","properties":{"osmId":"way/16122285","kind":"residential","name":"North 18th Street"},"geometry":{"type":"LineString","coordinates":[[-88.332082,36.608001],[-88.332107,36.608385],[-88.332136,36.610297],[-88.332144,36.611236],[-88.33215,36.611669],[-88.332154,36.611991],[-88.332152,36.612194],[-88.332103,36.614273],[-88.332083,36.615173],[-88.332081,36.615208],[-88.332055,36.616124],[-88.332022,36.617092]]}},
{"type":"Feature","properties":{"osmId":"way/16122348","kind":"residential","name":"Locust Street"},"geometry":{"type":"LineString","coordinates":[[-88.323175,36.606609],[-88.323229,36.606595],[-88.323294,36.606596],[-88.323467,36.606599],[-88.323633,36.606602],[-88.324444,36.606615],[-88.325218,36.606637],[-88.326915,36.606613],[-88.328105,36.606613],[-88.329097,36.606611],[-88.329251,36.606611]]}},
{"type":"Feature","properties":{"osmId":"way/16122718","kind":"residential","name":"Sha-Wa Court"},"geometry":{"type":"LineString","coordinates":[[-88.331903,36.619326],[-88.33188,36.619297],[-88.331838,36.619286],[-88.331793,36.619302],[-88.331777,36.619324],[-88.331775,36.619348],[-88.331789,36.619372],[-88.331812,36.619386],[-88.33184,36.619391],[-88.331869,36.619386],[-88.331892,36.61937],[-88.331903,36.619351],[-88.331903,36.619326]]}},
{"type":"Feature","properties":{"osmId":"way/16122782","kind":"residential","name":"Woodlawn Avenue"},"geometry":{"type":"LineString","coordinates":[[-88.320102,36.602904],[-88.320112,36.605503],[-88.32011,36.607672],[-88.320101,36.608382]]}},
{"type":"Feature","properties":{"osmId":"way/16122862","kind":"primary","name":"Main Street"},"geometry":{"type":"LineString","coordinates":[[-88.315225,36.610571],[-88.314843,36.610584],[-88.313156,36.610608],[-88.311876,36.610617],[-88.310697,36.610625],[-88.308515,36.610628],[-88.306875,36.610627],[-88.305849,36.610627],[-88.304438,36.610613],[-88.304375,36.610612],[-88.304192,36.61061],[-88.3038,36.610606],[-88.303607,36.610604],[-88.303225,36.6106],[-88.303144,36.610599],[-88.303068,36.610595],[-88.302972,36.610588],[-88.302877,36.610575],[-88.302809,36.610568],[-88.302752,36.610563],[-88.302695,36.610561],[-88.302376,36.610558],[-88.30231,36.61056],[-88.30225,36.610563],[-88.302206,36.610567],[-88.302168,36.610573],[-88.302126,36.610579],[-88.302097,36.610582],[-88.302047,36.610586],[-88.302015,36.61059],[-88.301978,36.610594],[-88.301952,36.610597],[-88.301927,36.610599],[-88.301899,36.6106],[-88.301341,36.6106],[-88.301257,36.6106],[-88.301171,36.6106],[-88.300378,36.610601],[-88.299536,36.610611],[-88.29919,36.610613],[-88.297426,36.610617],[-88.297295,36.610615],[-88.297251,36.610614],[-88.296714,36.610613],[-88.296554,36.61062],[-88.296262,36.610644],[-88.295837,36.610697],[-88.295326,36.61077],[-88.295027,36.610813],[-88.294492,36.610897],[-88.29424,36.610942],[-88.294056,36.610975],[-88.293726,36.611042],[-88.293279,36.611141],[-88.291986,36.61146]]}},
{"type":"Feature","properties":{"osmId":"way/16123120","kind":"residential","name":"Williams Avenue"},"geometry":{"type":"LineString","coordinates":[[-88.328105,36.606613],[-88.328074,36.608807]]}},
{"type":"Feature","properties":{"osmId":"way/16123121","kind":"service","name":"Ic-8101H-30 X"},"geometry":{"type":"LineString","coordinates":[[-88.320224,36.61853],[-88.320005,36.618568]]}},
{"type":"Feature","properties":{"osmId":"way/16123130","kind":"tertiary","name":"College Farm Road"},"geometry":{"type":"LineString","coordinates":[[-88.351746,36.617548],[-88.348596,36.617584],[-88.347388,36.617591],[-88.346032,36.617598],[-88.343658,36.617618],[-88.343227,36.617619],[-88.343049,36.617622],[-88.342693,36.617613],[-88.342609,36.61761],[-88.342354,36.617602],[-88.34203,36.617587],[-88.341157,36.617546],[-88.340793,36.617529],[-88.340081,36.617495],[-88.339837,36.617483],[-88.339165,36.617447],[-88.337749,36.617373],[-88.336583,36.617314],[-88.336193,36.617294],[-88.3358,36.617273],[-88.335168,36.617241],[-88.335095,36.617237],[-88.334753,36.61722],[-88.334257,36.617194],[-88.334116,36.617188],[-88.333308,36.617151],[-88.33296,36.617135],[-88.332022,36.617092],[-88.331827,36.617082],[-88.330439,36.617013],[-88.329549,36.616968],[-88.329076,36.616943],[-88.326948,36.616841],[-88.325222,36.616749],[-88.324761,36.616724],[-88.324565,36.616719],[-88.324383,36.616721]]}},
{"type":"Feature","properties":{"osmId":"way/16123172","kind":"tertiary","name":"South 16th Street"},"geometry":{"type":"LineString","coordinates":[[-88.324358,36.592354],[-88.324359,36.592667],[-88.324333,36.593367],[-88.324344,36.594321],[-88.324344,36.595277],[-88.324366,36.596381],[-88.324368,36.596876],[-88.324383,36.597199],[-88.324397,36.598516],[-88.324399,36.599041],[-88.324399,36.599146],[-88.324401,36.60019],[-88.32442,36.601265],[-88.324419,36.602965],[-88.324418,36.604143],[-88.324418,36.604187],[-88.32443,36.605339],[-88.324444,36.606615],[-88.324433,36.608242],[-88.324431,36.608288],[-88.324357,36.609358]]}},
{"type":"Feature","properties":{"osmId":"way/16123225","kind":"residential","name":"Farmer Avenue"},"geometry":{"type":"LineString","coordinates":[[-88.332136,36.610297],[-88.329634,36.61029],[-88.327201,36.610278],[-88.32597,36.610269],[-88.324362,36.610259]]}},
{"type":"Feature","properties":{"osmId":"way/16123229","kind":"residential","name":"Kathy Drive"},"geometry":{"type":"LineString","coordinates":[[-88.332957,36.624791],[-88.332985,36.624896],[-88.332992,36.625253]]}},
{"type":"Feature","properties":{"osmId":"way/16123288","kind":"residential","name":"Calloway Avenue"},"geometry":{"type":"LineString","coordinates":[[-88.324391,36.614861],[-88.324575,36.61487],[-88.327082,36.614995],[-88.329584,36.615084],[-88.332081,36.615208]]}},
{"type":"Feature","properties":{"osmId":"way/16123638","kind":"residential","name":"Sherry Lane"},"geometry":{"type":"LineString","coordinates":[[-88.331358,36.620279],[-88.332963,36.620322],[-88.333303,36.620333],[-88.333622,36.620343],[-88.334112,36.620347]]}},
{"type":"Feature","properties":{"osmId":"way/16123850","kind":"tertiary","name":"Coldwater Road"},"geometry":{"type":"LineString","coordinates":[[-88.324383,36.616721],[-88.325255,36.617465],[-88.326027,36.618123],[-88.32687,36.618842],[-88.328556,36.620246],[-88.32882,36.620458],[-88.329062,36.620639],[-88.329455,36.620908],[-88.329511,36.620943],[-88.329742,36.621089],[-88.3302,36.621366],[-88.330242,36.621392],[-88.330298,36.621426],[-88.330363,36.621475],[-88.330405,36.621531],[-88.330424,36.621598],[-88.330433,36.621677],[-88.330442,36.621867]]}},
{"type":"Feature","properties":{"osmId":"way/16124178","kind":"residential","name":"Waldrop Drive"},"geometry":{"type":"LineString","coordinates":[[-88.322923,36.616743],[-88.32292,36.616853],[-88.322898,36.617629],[-88.322896,36.617685],[-88.322895,36.617868],[-88.32288,36.618916],[-88.322881,36.619107],[-88.32288,36.619597],[-88.322879,36.620108],[-88.322876,36.621299],[-88.322871,36.621504],[-88.322868,36.621606],[-88.322858,36.622014],[-88.322842,36.622975]]}},
{"type":"Feature","properties":{"osmId":"way/16124199","kind":"residential","name":"North 13th Street"},"geometry":{"type":"LineString","coordinates":[[-88.316617,36.610423],[-88.31662,36.611395],[-88.316621,36.611777],[-88.316621,36.612545],[-88.316598,36.613051],[-88.31661,36.613782],[-88.316611,36.613863],[-88.316622,36.614442],[-88.316636,36.615181]]}},
{"type":"Feature","properties":{"osmId":"way/16124200","kind":"residential","name":"North 13th Street"},"geometry":{"type":"LineString","coordinates":[[-88.31503,36.619072],[-88.31537,36.619073],[-88.315848,36.619075],[-88.316082,36.619072],[-88.316165,36.619041],[-88.316197,36.618956],[-88.316201,36.618136],[-88.316202,36.617917],[-88.316202,36.617772],[-88.316203,36.617568],[-88.316204,36.617473],[-88.316212,36.617083],[-88.316213,36.617009]]}},
{"type":"Feature","properties":{"osmId":"way/16124206","kind":"residential","name":"North 17th Street"},"geometry":{"type":"LineString","coordinates":[[-88.329635,36.608514],[-88.329634,36.61029],[-88.329611,36.611222],[-88.329604,36.612175],[-88.329593,36.613151],[-88.329593,36.613186],[-88.329593,36.614153],[-88.329595,36.614281],[-88.329584,36.615084],[-88.329564,36.616018],[-88.329549,36.616968]]}},
{"type":"Feature","properties":{"osmId":"way/16124208","kind":"residential","name":"North 17th Street"},"geometry":{"type":"LineString","coordinates":[[-88.329076,36.616943],[-88.329055,36.618789]]}},
{"type":"Feature","properties":{"osmId":"way/16124285","kind":"service","name":"Carter Street"},"geometry":{"type":"LineString","coordinates":[[-88.318832,36.607746],[-88.317776,36.607762],[-88.3174,36.607819],[-88.316495,36.607829]]}},
{"type":"Feature","properties":{"osmId":"way/16124297","kind":"residential","name":"Wells Extended"},"geometry":{"type":"LineString","coordinates":[[-88.332103,36.614273],[-88.329593,36.614153]]}},
{"type":"Feature","properties":{"osmId":"way/16124298","kind":"residential","name":"South Broach Avenue"},"geometry":{"type":"LineString","coordinates":[[-88.326915,36.606613],[-88.326906,36.608025],[-88.326945,36.608982]]}},
{"type":"Feature","properties":{"osmId":"way/16124352","kind":"residential","name":"Jameswood Drive"},"geometry":{"type":"LineString","coordinates":[[-88.338393,36.609792],[-88.338383,36.609256],[-88.338389,36.609124],[-88.338411,36.609062],[-88.338449,36.609006],[-88.338501,36.608959],[-88.338566,36.608924],[-88.33864,36.608902],[-88.338951,36.608869],[-88.339024,36.608849],[-88.33909,36.608818],[-88.339147,36.608776],[-88.339191,36.608725],[-88.33922,36.608667],[-88.339245,36.608479],[-88.339272,36.60842],[-88.339316,36.608369],[-88.339375,36.608326],[-88.339445,36.608295],[-88.339523,36.608276],[-88.340401,36.608151],[-88.340509,36.608125],[-88.340659,36.608063],[-88.340781,36.607986],[-88.340971,36.607839]]}},
{"type":"Feature","properties":{"osmId":"way/16124448","kind":"residential","name":"Clark Street"},"geometry":{"type":"LineString","coordinates":[[-88.329062,36.620639],[-88.328693,36.620663],[-88.327955,36.620688],[-88.32783,36.620673]]}},
{"type":"Feature","properties":{"osmId":"way/16124489","kind":"residential","name":"Embassy Apartment"},"geometry":{"type":"LineString","coordinates":[[-88.314086,36.608545],[-88.314081,36.608887],[-88.314051,36.609282],[-88.314071,36.609821],[-88.314075,36.609923]]}},
{"type":"Feature","properties":{"osmId":"way/16125048","kind":"residential","name":"South 15th Street"},"geometry":{"type":"LineString","coordinates":[[-88.321885,36.60293],[-88.321894,36.605437],[-88.321897,36.607845],[-88.321898,36.608332],[-88.321888,36.608938],[-88.321893,36.609681]]}},
{"type":"Feature","properties":{"osmId":"way/16125216","kind":"residential","name":"North Broach Avenue"},"geometry":{"type":"LineString","coordinates":[[-88.32597,36.610269],[-88.32596,36.611204],[-88.325948,36.61213]]}},
{"type":"Feature","properties":{"osmId":"way/16125217","kind":"residential","name":"North Broach Avenue"},"geometry":{"type":"LineString","coordinates":[[-88.327274,36.608935],[-88.327268,36.609347],[-88.327201,36.610278]]}},
{"type":"Feature","properties":{"osmId":"way/16125273","kind":"residential","name":"Valentine Street"},"geometry":{"type":"LineString","coordinates":[[-88.321444,36.621295],[-88.321806,36.621293],[-88.322263,36.621296],[-88.322876,36.621299],[-88.324325,36.621258]]}},
{"type":"Feature","properties":{"osmId":"way/16125627","kind":"primary"},"geometry":{"type":"LineString","coordinates":[[-88.334512,36.607626],[-88.338064,36.607138],[-88.340621,36.60678],[-88.343389,36.606394],[-88.343944,36.606318],[-88.349347,36.605576],[-88.350574,36.605407],[-88.351895,36.605226],[-88.356338,36.604606],[-88.357004,36.604522],[-88.357839,36.604418]]}},
{"type":"Feature","properties":{"osmId":"way/162093459","kind":"residential","name":"Tanglewood Lane"},"geometry":{"type":"LineString","coordinates":[[-88.329696,36.62649],[-88.32993,36.626324],[-88.330812,36.626332],[-88.331087,36.626441],[-88.331083,36.62655],[-88.33078,36.626646],[-88.329735,36.626636],[-88.329626,36.626543],[-88.329696,36.62649],[-88.329236,36.626098],[-88.329242,36.625357],[-88.329253,36.624124]]}},
{"type":"Feature","properties":{"osmId":"way/249896100","kind":"service"},"geometry":{"type":"LineString","coordinates":[[-88.31353,36.627347],[-88.313744,36.626976],[-88.313835,36.626818],[-88.314008,36.626518],[-88.314067,36.626323],[-88.314094,36.626233],[-88.314171,36.625943],[-88.314161,36.625846],[-88.314191,36.625741],[-88.314204,36.62566],[-88.314298,36.625076],[-88.314312,36.624931],[-88.314352,36.624741]]}},
{"type":"Feature","properties":{"osmId":"way/249900870","kind":"service"},"geometry":{"type":"LineString","coordinates":[[-88.314839,36.624106],[-88.314483,36.62411],[-88.314352,36.624169],[-88.313855,36.624162],[-88.313863,36.623994],[-88.313871,36.623842],[-88.31388,36.623685],[-88.313556,36.623677],[-88.313494,36.623632],[-88.313497,36.623522],[-88.313501,36.623371],[-88.313504,36.623219],[-88.313509,36.623053],[-88.313511,36.622957],[-88.313519,36.622917],[-88.313555,36.62274],[-88.313974,36.62275],[-88.314107,36.62275]]}},
{"type":"Feature","properties":{"osmId":"way/249900871","kind":"service"},"geometry":{"type":"LineString","coordinates":[[-88.314938,36.621952],[-88.314586,36.621952]]}},
{"type":"Feature","properties":{"osmId":"way/249922487","kind":"service","service":"parking_aisle"},"geometry":{"type":"LineString","coordinates":[[-88.313384,36.621342],[-88.31399,36.621353],[-88.314042,36.621354]]}},
{"type":"Feature","properties":{"osmId":"way/249922488","kind":"service"},"geometry":{"type":"LineString","coordinates":[[-88.316365,36.620576],[-88.31616,36.620506],[-88.315947,36.620434],[-88.315742,36.620364],[-88.315536,36.620294]]}},
{"type":"Feature","properties":{"osmId":"way/249922489","kind":"service"},"geometry":{"type":"LineString","coordinates":[[-88.315536,36.620294],[-88.31564,36.620121],[-88.315848,36.619901],[-88.315927,36.619828],[-88.315803,36.619734],[-88.315783,36.619645],[-88.315805,36.619597],[-88.315839,36.619554],[-88.315893,36.619515],[-88.315931,36.619465],[-88.315946,36.619405],[-88.315928,36.619345],[-88.315906,36.61931],[-88.315858,36.619256],[-88.315848,36.619075]]}},
{"type":"Feature","properties":{"osmId":"way/250251738","kind":"service","service":"driveway"},"geometry":{"type":"LineString","coordinates":[[-88.315858,36.619256],[-88.315375,36.61925],[-88.31537,36.619073]]}},
{"type":"Feature","properties":{"osmId":"way/250251739","kind":"service"},"geometry":{"type":"LineString","coordinates":[[-88.315536,36.620294],[-88.315503,36.620361],[-88.315392,36.620596],[-88.31534,36.620889],[-88.315277,36.621308]]}},
{"type":"Feature","properties":{"osmId":"way/250251740","kind":"service","service":"parking_aisle"},"geometry":{"type":"LineString","coordinates":[[-88.314439,36.621948],[-88.314454,36.621698],[-88.314464,36.621531],[-88.314469,36.621448],[-88.314472,36.621397],[-88.314479,36.621291]]}},
{"type":"Feature","properties":{"osmId":"way/250251741","kind":"service"},"geometry":{"type":"LineString","coordinates":[[-88.314586,36.621952],[-88.314439,36.621948],[-88.313997,36.621942],[-88.31358,36.621936],[-88.313576,36.622089],[-88.31357,36.622249],[-88.313565,36.622411],[-88.31356,36.622569],[-88.313555,36.62274]]}},
{"type":"Feature","properties":{"osmId":"way/269020115","kind":"unclassified","name":"Lowes Drive"},"geometry":{"type":"LineString","coordinates":[[-88.319122,36.625931],[-88.319304,36.625903],[-88.319555,36.625843],[-88.319749,36.625772],[-88.320222,36.625549],[-88.32064,36.625413],[-88.320897,36.625326],[-88.321045,36.62523],[-88.321177,36.625139],[-88.321217,36.625112],[-88.32143,36.624917],[-88.321518,36.624837],[-88.321669,36.624711],[-88.321841,36.624615],[-88.321977,36.62457],[-88.322141,36.624536],[-88.322246,36.624527],[-88.322353,36.624527],[-88.322561,36.624554],[-88.322662,36.62458],[-88.322848,36.624659],[-88.323005,36.624762],[-88.323071,36.624821],[-88.323128,36.624886],[-88.323216,36.625027],[-88.323269,36.625184],[-88.323283,36.625353],[-88.32328,36.625589],[-88.323277,36.625843],[-88.323287,36.625912],[-88.32332,36.625973],[-88.323378,36.626022],[-88.323454,36.626055],[-88.323544,36.626071],[-88.324318,36.626072]]}},
{"type":"Feature","properties":{"osmId":"way/269020121","kind":"service","oneway":true},"geometry":{"type":"LineString","coordinates":[[-88.329313,36.622768],[-88.32931,36.622096],[-88.329291,36.622054],[-88.329249,36.622018],[-88.329195,36.621998],[-88.329127,36.622028],[-88.329091,36.622078]]}},
{"type":"Feature","properties":{"osmId":"way/269020138","kind":"residential"},"geometry":{"type":"LineString","coordinates":[[-88.332789,36.615196],[-88.332083,36.615173]]}},
{"type":"Feature","properties":{"osmId":"way/269020144","kind":"service","service":"parking_aisle"},"geometry":{"type":"LineString","coordinates":[[-88.31337,36.624729],[-88.314312,36.624931]]}},
{"type":"Feature","properties":{"osmId":"way/269020153","kind":"service"},"geometry":{"type":"LineString","coordinates":[[-88.333701,36.615262],[-88.333075,36.615217],[-88.332789,36.615196]]}},
{"type":"Feature","properties":{"osmId":"way/269020179","kind":"residential"},"geometry":{"type":"LineString","coordinates":[[-88.334098,36.615481],[-88.334116,36.616744],[-88.334231,36.616949],[-88.334269,36.617038],[-88.334257,36.617194]]}},
{"type":"Feature","properties":{"osmId":"way/269020183","kind":"service","oneway":true},"geometry":{"type":"LineString","coordinates":[[-88.340089,36.617836],[-88.341814,36.617929],[-88.341887,36.617915],[-88.34197,36.617867],[-88.34201,36.617787],[-88.34203,36.617587]]}},
{"type":"Feature","properties":{"osmId":"way/269352600","kind":"residential","name":"Hamilton Avenue","oneway":true},"geometry":{"type":"LineString","coordinates":[[-88.326191,36.61303],[-88.3262,36.613061],[-88.326221,36.613088],[-88.326252,36.613108],[-88.32629,36.613119],[-88.326329,36.61312],[-88.326368,36.61311],[-88.326401,36.61309],[-88.326424,36.613063],[-88.326435,36.613031],[-88.326432,36.612999],[-88.326415,36.612969],[-88.326388,36.612945],[-88.326351,36.612929],[-88.326311,36.612924],[-88.326272,36.61293],[-88.326237,36.612945],[-88.32621,36.612969],[-88.326194,36.612998],[-88.326191,36.61303]]}},
{"type":"Feature","properties":{"osmId":"way/269352601","kind":"service","name":"Ic-8101A"},"geometry":{"type":"LineString","coordinates":[[-88.316893,36.620019],[-88.316922,36.620008],[-88.316963,36.619998],[-88.317151,36.619952],[-88.317267,36.619939],[-88.317401,36.619938],[-88.317689,36.619974],[-88.317911,36.620038],[-88.318069,36.620059],[-88.31822,36.620058]]}},
{"type":"Feature","properties":{"osmId":"way/269352602","kind":"service","service":"parking_aisle","name":"Ic-8101A"},"geometry":{"type":"LineString","coordinates":[[-88.316565,36.622418],[-88.316518,36.622369],[-88.316401,36.62222],[-88.316334,36.622111],[-88.316323,36.622087],[-88.316286,36.621999],[-88.31623,36.621824],[-88.316193,36.621645],[-88.316173,36.621469],[-88.316174,36.621238],[-88.316194,36.621067],[-88.316233,36.6209],[-88.316286,36.620741],[-88.316365,36.620576],[-88.316409,36.620499],[-88.316476,36.620411],[-88.31659,36.620297],[-88.316717,36.620207],[-88.316888,36.620116],[-88.316912,36.620078],[-88.316893,36.620019]]}},
{"type":"Feature","properties":{"osmId":"way/269352603","kind":"service","service":"parking_aisle","name":"Ic-8101C"},"geometry":{"type":"LineString","coordinates":[[-88.319908,36.621536],[-88.319919,36.622056],[-88.320135,36.622055],[-88.320347,36.622054],[-88.320345,36.62157]]}},
{"type":"Feature","properties":{"osmId":"way/269352604","kind":"residential","name":"North 15th Street"},"geometry":{"type":"LineString","coordinates":[[-88.321449,36.619051],[-88.321441,36.620174],[-88.321441,36.620333],[-88.321442,36.620531],[-88.321444,36.621295],[-88.321449,36.621741]]}},
{"type":"Feature","properties":{"osmId":"way/269352606","kind":"residential","name":"University Drive","oneway":true},"geometry":{"type":"LineString","coordinates":[[-88.321816,36.610728],[-88.321924,36.610728],[-88.322255,36.61073],[-88.322998,36.610732]]}},
{"type":"Feature","properties":{"osmId":"way/269352607","kind":"residential","name":"Wells Boulevard"},"geometry":{"type":"LineString","coordinates":[[-88.319283,36.613751],[-88.319954,36.613725]]}},
{"type":"Feature","properties":{"osmId":"way/269352608","kind":"service","service":"parking_aisle"},"geometry":{"type":"LineString","coordinates":[[-88.318644,36.621662],[-88.319005,36.621691],[-88.319108,36.621688],[-88.319118,36.621923],[-88.319344,36.621919],[-88.31956,36.621915],[-88.319537,36.621389],[-88.319318,36.621394],[-88.319092,36.621398],[-88.319108,36.621688]]}},
{"type":"Feature","properties":{"osmId":"way/269352609","kind":"service"},"geometry":{"type":"LineString","coordinates":[[-88.313855,36.624162],[-88.31376,36.624225],[-88.312861,36.624209],[-88.312864,36.62374],[-88.31293,36.623647],[-88.312936,36.622886],[-88.312635,36.622882],[-88.312648,36.621899],[-88.313507,36.621916],[-88.31358,36.621936]]}},
{"type":"Feature","properties":{"osmId":"way/269352611","kind":"service","service":"parking_aisle"},"geometry":{"type":"LineString","coordinates":[[-88.314254,36.619081],[-88.31425,36.619236],[-88.314678,36.619244],[-88.314671,36.619413],[-88.314657,36.61982],[-88.314653,36.619937],[-88.314643,36.620218],[-88.314638,36.620338],[-88.314632,36.620509],[-88.314609,36.621081],[-88.314052,36.621077]]}},
{"type":"Feature","properties":{"osmId":"way/269352612","kind":"service"},"geometry":{"type":"LineString","coordinates":[[-88.314042,36.621354],[-88.314479,36.621291],[-88.314972,36.621299],[-88.315277,36.621308],[-88.315288,36.621684],[-88.315373,36.622039],[-88.315475,36.622328],[-88.31569,36.622267],[-88.315903,36.622206],[-88.31611,36.622147],[-88.316323,36.622087]]}},
{"type":"Feature","properties":{"osmId":"way/269352613","kind":"service"},"geometry":{"type":"LineString","coordinates":[[-88.314479,36.621291],[-88.314047,36.621268],[-88.314051,36.621181],[-88.314052,36.621077],[-88.314053,36.621016],[-88.314056,36.620843],[-88.314059,36.620671],[-88.314062,36.620504],[-88.314065,36.62033],[-88.314068,36.620145],[-88.314071,36.619967],[-88.314072,36.61992],[-88.314074,36.619807],[-88.314086,36.619083]]}},
{"type":"Feature","properties":{"osmId":"way/269352615","kind":"service","service":"parking_aisle"},"geometry":{"type":"LineString","coordinates":[[-88.329019,36.624924],[-88.328592,36.624916],[-88.32835,36.624918],[-88.328131,36.624939],[-88.32791,36.624981],[-88.327632,36.625073],[-88.327548,36.624919],[-88.327347,36.625],[-88.327437,36.625162],[-88.327501,36.625295],[-88.327537,36.625443],[-88.32756,36.625563],[-88.327673,36.62555],[-88.327785,36.625537],[-88.327747,36.625361],[-88.327698,36.625228],[-88.327632,36.625073]]}},
{"type":"Feature","properties":{"osmId":"way/269352616","kind":"service","service":"parking_aisle"},"geometry":{"type":"LineString","coordinates":[[-88.316845,36.619934],[-88.316663,36.62001],[-88.316474,36.620128],[-88.316334,36.620253],[-88.316235,36.620384],[-88.31616,36.620506],[-88.316062,36.620715],[-88.315995,36.620938],[-88.315958,36.621121],[-88.31594,36.62132],[-88.315948,36.621536],[-88.315976,36.621749],[-88.316028,36.621948],[-88.31611,36.622147],[-88.316208,36.622326],[-88.316322,36.622466],[-88.316433,36.622565],[-88.316539,36.622628]]}},
{"type":"Feature","properties":{"osmId":"way/269352617","kind":"service","service":"parking_aisle"},"geometry":{"type":"LineString","coordinates":[[-88.329023,36.624724],[-88.329019,36.624924],[-88.329004,36.625758],[-88.329,36.625943],[-88.328985,36.626753],[-88.328944,36.626795],[-88.32886,36.62681],[-88.327819,36.626708],[-88.327582,36.626684],[-88.326839,36.626612],[-88.326687,36.62658],[-88.326568,36.62651],[-88.326476,36.626424],[-88.326426,36.626347],[-88.326394,36.626236],[-88.326388,36.626127],[-88.326389,36.625977],[-88.326391,36.625832]]}},
{"type":"Feature","properties":{"osmId":"way/269352620","kind":"service","service":"parking_aisle"},"geometry":{"type":"LineString","coordinates":[[-88.316502,36.622806],[-88.316332,36.622721],[-88.31618,36.622598],[-88.316056,36.622465],[-88.315965,36.622339],[-88.315903,36.622206],[-88.315817,36.621983],[-88.315761,36.621768],[-88.315725,36.621561],[-88.315723,36.621321],[-88.315741,36.62113],[-88.315774,36.620904],[-88.315838,36.620682],[-88.315947,36.620434],[-88.316084,36.620236],[-88.316244,36.620076],[-88.316428,36.619934],[-88.316608,36.619838],[-88.316755,36.619776]]}},
{"type":"Feature","properties":{"osmId":"way/269352621","kind":"service","service":"parking_aisle"},"geometry":{"type":"LineString","coordinates":[[-88.314053,36.621016],[-88.313995,36.621015],[-88.313392,36.621007]]}},
{"type":"Feature","properties":{"osmId":"way/269352622","kind":"service","service":"parking_aisle"},"geometry":{"type":"LineString","coordinates":[[-88.314056,36.620843],[-88.314003,36.620842],[-88.313396,36.620834]]}},
{"type":"Feature","properties":{"osmId":"way/269352623","kind":"service","service":"parking_aisle"},"geometry":{"type":"LineString","coordinates":[[-88.313692,36.619602],[-88.313426,36.6196]]}},
{"type":"Feature","properties":{"osmId":"way/269352625","kind":"service","service":"parking_aisle"},"geometry":{"type":"LineString","coordinates":[[-88.313688,36.619428],[-88.31343,36.619423]]}},
{"type":"Feature","properties":{"osmId":"way/269352626","kind":"service","service":"parking_aisle"},"geometry":{"type":"LineString","coordinates":[[-88.32101,36.622062],[-88.32075,36.622264]]}},
{"type":"Feature","properties":{"osmId":"way/269352627","kind":"service","service":"parking_aisle"},"geometry":{"type":"LineString","coordinates":[[-88.318834,36.622811],[-88.31883,36.622244]]}},
{"type":"Feature","properties":{"osmId":"way/269352628","kind":"service","service":"parking_aisle"},"geometry":{"type":"LineString","coordinates":[[-88.319344,36.621919],[-88.319318,36.621394]]}},
{"type":"Feature","properties":{"osmId":"way/269352629","kind":"service","service":"parking_aisle"},"geometry":{"type":"LineString","coordinates":[[-88.314051,36.621181],[-88.313995,36.62118],[-88.313388,36.621176]]}},
{"type":"Feature","properties":{"osmId":"way/269352630","kind":"service"},"geometry":{"type":"LineString","coordinates":[[-88.314047,36.621268],[-88.314042,36.621354]]}},
{"type":"Feature","properties":{"osmId":"way/269352631","kind":"service","service":"parking_aisle"},"geometry":{"type":"LineString","coordinates":[[-88.314464,36.621531],[-88.31403,36.621526],[-88.313628,36.62152],[-88.31338,36.621517]]}},
{"type":"Feature","properties":{"osmId":"way/269352633","kind":"service","service":"parking_aisle"},"geometry":{"type":"LineString","coordinates":[[-88.314506,36.623852],[-88.313871,36.623842]]}},
{"type":"Feature","properties":{"osmId":"way/269352634","kind":"service","service":"parking_aisle"},"geometry":{"type":"LineString","coordinates":[[-88.314059,36.620671],[-88.314003,36.62067],[-88.3134,36.620662]]}},
{"type":"Feature","properties":{"osmId":"way/269352635","kind":"service","service":"parking_aisle"},"geometry":{"type":"LineString","coordinates":[[-88.313993,36.622097],[-88.313576,36.622089]]}},
{"type":"Feature","properties":{"osmId":"way/269352636","kind":"service"},"geometry":{"type":"LineString","coordinates":[[-88.324372,36.617659],[-88.322898,36.617629]]}},
{"type":"Feature","properties":{"osmId":"way/269352637","kind":"service","service":"parking_aisle"},"geometry":{"type":"LineString","coordinates":[[-88.336056,36.623617],[-88.335662,36.623615]]}},
{"type":"Feature","properties":{"osmId":"way/269352639","kind":"service","service":"parking_aisle"},"geometry":{"type":"LineString","coordinates":[[-88.313988,36.622256],[-88.31357,36.622249]]}},
{"type":"Feature","properties":{"osmId":"way/269352640","kind":"service","service":"parking_aisle"},"geometry":{"type":"LineString","coordinates":[[-88.314492,36.624006],[-88.314448,36.624005],[-88.314351,36.624003],[-88.313863,36.623994]]}},
{"type":"Feature","properties":{"osmId":"way/269352642","kind":"service","service":"parking_aisle"},"geometry":{"type":"LineString","coordinates":[[-88.313984,36.622419],[-88.313565,36.622411]]}},
{"type":"Feature","properties":{"osmId":"way/269352643","kind":"service","service":"parking_aisle"},"geometry":{"type":"LineString","coordinates":[[-88.320135,36.622055],[-88.320124,36.621478]]}},
{"type":"Feature","properties":{"osmId":"way/269352645","kind":"service","service":"parking_aisle","oneway":true},"geometry":{"type":"LineString","coordinates":[[-88.320952,36.613942],[-88.320949,36.613477],[-88.320896,36.613441],[-88.320767,36.613445],[-88.319958,36.613456]]}},
{"type":"Feature","properties":{"osmId":"way/269352646","kind":"service","service":"parking_aisle"},"geometry":{"type":"LineString","coordinates":[[-88.313915,36.623227],[-88.313504,36.623219]]}},
{"type":"Feature","properties":{"osmId":"way/269352647","kind":"service","service":"parking_aisle","oneway":true},"geometry":{"type":"LineString","coordinates":[[-88.313509,36.623053],[-88.313922,36.62306]]}},
{"type":"Feature","properties":{"osmId":"way/269352649","kind":"service","service":"parking_aisle"},"geometry":{"type":"LineString","coordinates":[[-88.31452,36.623697],[-88.31388,36.623685]]}},
{"type":"Feature","properties":{"osmId":"way/269352650","kind":"service","service":"parking_aisle"},"geometry":{"type":"LineString","coordinates":[[-88.320898,36.623152],[-88.321171,36.623112]]}},
{"type":"Feature","properties":{"osmId":"way/269352651","kind":"service","service":"parking_aisle"},"geometry":{"type":"LineString","coordinates":[[-88.314671,36.619413],[-88.314278,36.619403]]}},
{"type":"Feature","properties":{"osmId":"way/269352653","kind":"service","service":"parking_aisle"},"geometry":{"type":"LineString","coordinates":[[-88.318602,36.622807],[-88.318595,36.622241]]}},
{"type":"Feature","properties":{"osmId":"way/269352654","kind":"service","service":"parking_aisle"},"geometry":{"type":"LineString","coordinates":[[-88.314071,36.619967],[-88.314011,36.619967],[-88.313417,36.619965]]}},
{"type":"Feature","properties":{"osmId":"way/269352655","kind":"service","service":"parking_aisle"},"geometry":{"type":"LineString","coordinates":[[-88.313413,36.62014],[-88.314011,36.620145],[-88.314068,36.620145]]}},
{"type":"Feature","properties":{"osmId":"way/269352656","kind":"service","service":"parking_aisle"},"geometry":{"type":"LineString","coordinates":[[-88.32057,36.621695],[-88.320561,36.621926]]}},
{"type":"Feature","properties":{"osmId":"way/269352658","kind":"service","service":"parking_aisle"},"geometry":{"type":"LineString","coordinates":[[-88.314534,36.623539],[-88.313497,36.623522]]}},
{"type":"Feature","properties":{"osmId":"way/269352659","kind":"service","service":"parking_aisle"},"geometry":{"type":"LineString","coordinates":[[-88.321273,36.622506],[-88.320829,36.622503]]}},
{"type":"Feature","properties":{"osmId":"way/269352660","kind":"service","service":"parking_aisle"},"geometry":{"type":"LineString","coordinates":[[-88.316673,36.61962],[-88.316557,36.619663],[-88.316381,36.619741],[-88.316215,36.619851],[-88.316034,36.619994],[-88.315875,36.620175],[-88.315742,36.620364],[-88.315625,36.620645],[-88.315578,36.620864],[-88.315534,36.621085],[-88.315509,36.621309],[-88.315509,36.621557],[-88.31554,36.621785],[-88.315596,36.62202],[-88.31569,36.622267],[-88.315813,36.622478],[-88.315946,36.622643],[-88.316099,36.622788],[-88.316292,36.622918],[-88.316462,36.622988]]}},
{"type":"Feature","properties":{"osmId":"way/269352661","kind":"service","service":"parking_aisle"},"geometry":{"type":"LineString","coordinates":[[-88.321171,36.622287],[-88.321034,36.622327],[-88.320833,36.622331]]}},
{"type":"Feature","properties":{"osmId":"way/269352662","kind":"service","service":"parking_aisle"},"geometry":{"type":"LineString","coordinates":[[-88.313408,36.620322],[-88.314011,36.62033],[-88.314065,36.62033],[-88.314638,36.620338]]}},
{"type":"Feature","properties":{"osmId":"way/269352664","kind":"service","service":"parking_aisle"},"geometry":{"type":"LineString","coordinates":[[-88.314218,36.619924],[-88.314217,36.62021],[-88.314643,36.620218]]}},
{"type":"Feature","properties":{"osmId":"way/269352668","kind":"service","service":"parking_aisle"},"geometry":{"type":"LineString","coordinates":[[-88.314632,36.620509],[-88.314062,36.620504],[-88.314006,36.620503],[-88.313404,36.620497]]}},
{"type":"Feature","properties":{"osmId":"way/269352670","kind":"service","service":"parking_aisle"},"geometry":{"type":"LineString","coordinates":[[-88.314588,36.622939],[-88.314528,36.622938],[-88.313978,36.622927],[-88.313926,36.622926],[-88.313519,36.622917]]}},
{"type":"Feature","properties":{"osmId":"way/269352671","kind":"service","service":"parking_aisle"},"geometry":{"type":"LineString","coordinates":[[-88.314618,36.622595],[-88.313979,36.62258],[-88.31356,36.622569]]}},
{"type":"Feature","properties":{"osmId":"way/269352672","kind":"service","service":"parking_aisle"},"geometry":{"type":"LineString","coordinates":[[-88.314548,36.623386],[-88.31391,36.623377],[-88.313501,36.623371]]}},
{"type":"Feature","properties":{"osmId":"way/269352673","kind":"service","service":"parking_aisle"},"geometry":{"type":"LineString","coordinates":[[-88.314653,36.619937],[-88.314218,36.619924],[-88.314072,36.61992]]}},
{"type":"Feature","properties":{"osmId":"way/269352674","kind":"service"},"geometry":{"type":"LineString","coordinates":[[-88.322102,36.61908],[-88.322113,36.618884],[-88.322137,36.617864]]}},
{"type":"Feature","properties":{"osmId":"way/269352675","kind":"service"},"geometry":{"type":"LineString","coordinates":[[-88.336022,36.623806],[-88.336056,36.623617],[-88.336111,36.623314]]}},
{"type":"Feature","properties":{"osmId":"way/269352676","kind":"service","service":"parking_aisle"},"geometry":{"type":"LineString","coordinates":[[-88.313421,36.619792],[-88.314014,36.619805],[-88.314074,36.619807],[-88.314657,36.61982]]}},
{"type":"Feature","properties":{"osmId":"way/269352677","kind":"service"},"geometry":{"type":"LineString","coordinates":[[-88.313926,36.622926],[-88.313922,36.62306],[-88.313915,36.623227],[-88.31391,36.623377]]}},
{"type":"Feature","properties":{"osmId":"way/269352678","kind":"residential"},"geometry":{"type":"LineString","coordinates":[[-88.326311,36.612924],[-88.32633,36.612459],[-88.326337,36.612275],[-88.326343,36.612135]]}},
{"type":"Feature","properties":{"osmId":"way/269352679","kind":"service","service":"parking_aisle"},"geometry":{"type":"LineString","coordinates":[[-88.32633,36.612459],[-88.326941,36.612462],[-88.326943,36.612282],[-88.326337,36.612275]]}},
{"type":"Feature","properties":{"osmId":"way/269352686","kind":"service"},"geometry":{"type":"LineString","coordinates":[[-88.313997,36.621942],[-88.313993,36.622097],[-88.313988,36.622256],[-88.313984,36.622419],[-88.313979,36.62258],[-88.313977,36.62266],[-88.313974,36.62275]]}},
{"type":"Feature","properties":{"osmId":"way/269352687","kind":"service","service":"parking_aisle"},"geometry":{"type":"LineString","coordinates":[[-88.319956,36.614088],[-88.32051,36.614085],[-88.320636,36.614067],[-88.320731,36.614032],[-88.32089,36.613942],[-88.320952,36.613942],[-88.321645,36.613939]]}},
{"type":"Feature","properties":{"osmId":"way/269352689","kind":"service","service":"parking_aisle"},"geometry":{"type":"LineString","coordinates":[[-88.316419,36.623181],[-88.316174,36.623071],[-88.315973,36.62294],[-88.315809,36.62279],[-88.315668,36.622629],[-88.315557,36.622468],[-88.315475,36.622328]]}},
{"type":"Feature","properties":{"osmId":"way/269352691","kind":"service","service":"parking_aisle"},"geometry":{"type":"LineString","coordinates":[[-88.320884,36.621923],[-88.320602,36.622145],[-88.32075,36.622264],[-88.320833,36.622331],[-88.320829,36.622503],[-88.320826,36.622681],[-88.321343,36.622683]]}},
{"type":"Feature","properties":{"osmId":"way/269352693","kind":"service","service":"parking_aisle"},"geometry":{"type":"LineString","coordinates":[[-88.318406,36.622239],[-88.318595,36.622241],[-88.31883,36.622244],[-88.319079,36.622246],[-88.319078,36.622815],[-88.318834,36.622811],[-88.318602,36.622807],[-88.318461,36.622804]]}},
{"type":"Feature","properties":{"osmId":"way/269352694","kind":"service","service":"parking_aisle"},"geometry":{"type":"LineString","coordinates":[[-88.316893,36.620019],[-88.316845,36.619934],[-88.316755,36.619776],[-88.316673,36.61962],[-88.316585,36.619451],[-88.316269,36.619605],[-88.31603,36.619751],[-88.315927,36.619828]]}},
{"type":"Feature","properties":{"osmId":"way/269664962","kind":"residential","name":"Olive Street"},"geometry":{"type":"LineString","coordinates":[[-88.302078,36.612645],[-88.302966,36.612657],[-88.304449,36.612688],[-88.305466,36.612699],[-88.305872,36.612681],[-88.308479,36.612635],[-88.310626,36.612621],[-88.311831,36.612614],[-88.315202,36.612574],[-88.315831,36.612561],[-88.316621,36.612545]]}},
{"type":"Feature","properties":{"osmId":"way/624308896","kind":"service"},"geometry":{"type":"LineString","coordinates":[[-88.313517,36.617088],[-88.313501,36.616226],[-88.313445,36.616198],[-88.313057,36.6162],[-88.312963,36.616314],[-88.312968,36.617104]]}},
{"type":"Feature","properties":{"osmId":"way/656627997","kind":"unclassified","name":"Lowes Drive"},"geometry":{"type":"LineString","coordinates":[[-88.324318,36.626072],[-88.324385,36.626076],[-88.324888,36.626103],[-88.325699,36.626148],[-88.325754,36.626138],[-88.325797,36.626113],[-88.325823,36.626073],[-88.325834,36.626018],[-88.325841,36.62583],[-88.325837,36.625564],[-88.32585,36.625406],[-88.325905,36.625256],[-88.32595,36.625187],[-88.326008,36.625123],[-88.326079,36.625065],[-88.326196,36.624994],[-88.326256,36.624958],[-88.327412,36.624317],[-88.327598,36.624245],[-88.3278,36.624208],[-88.328008,36.624199],[-88.328849,36.624207],[-88.329057,36.624183],[-88.329253,36.624124],[-88.329428,36.624033],[-88.329504,36.623976],[-88.329643,36.62384],[-88.329855,36.623616],[-88.330172,36.62328],[-88.330244,36.623193],[-88.330292,36.623135],[-88.330337,36.623057],[-88.330367,36.622976],[-88.33039,36.622804],[-88.330447,36.621979],[-88.330442,36.621867]]}},
{"type":"Feature","properties":{"osmId":"way/783297917","kind":"service","service":"parking_aisle"},"geometry":{"type":"LineString","coordinates":[[-88.316515,36.624045],[-88.316524,36.624415],[-88.316529,36.624594],[-88.316534,36.624828],[-88.316536,36.624872]]}},
{"type":"Feature","properties":{"osmId":"way/783297918","kind":"service","service":"parking_aisle"},"geometry":{"type":"LineString","coordinates":[[-88.315575,36.624356],[-88.315578,36.624433],[-88.315576,36.624452],[-88.315562,36.624569],[-88.31552,36.624626],[-88.315507,36.624644],[-88.315425,36.624707],[-88.315338,36.624749],[-88.315275,36.624764],[-88.315226,36.624796],[-88.315216,36.624862],[-88.315243,36.625225],[-88.315238,36.625278],[-88.315186,36.625573],[-88.315149,36.625781],[-88.315124,36.62586]]}},
{"type":"Feature","properties":{"osmId":"way/783306697","kind":"service","service":"parking_aisle"},"geometry":{"type":"LineString","coordinates":[[-88.316536,36.624872],[-88.316543,36.625041],[-88.316013,36.625491],[-88.315735,36.625514],[-88.315431,36.625531],[-88.315186,36.625573]]}},
{"type":"Feature","properties":{"osmId":"way/783306698","kind":"service","service":"parking_aisle"},"geometry":{"type":"LineString","coordinates":[[-88.316534,36.624828],[-88.316293,36.625035],[-88.316022,36.625267],[-88.315735,36.625514]]}},
{"type":"Feature","properties":{"osmId":"way/783306699","kind":"service","service":"parking_aisle"},"geometry":{"type":"LineString","coordinates":[[-88.316524,36.624415],[-88.315576,36.624452]]}},
{"type":"Feature","properties":{"osmId":"way/783306700","kind":"service","service":"parking_aisle"},"geometry":{"type":"LineString","coordinates":[[-88.316529,36.624594],[-88.316182,36.624605],[-88.315865,36.624615],[-88.31552,36.624626]]}},
{"type":"Feature","properties":{"osmId":"way/783306701","kind":"service","service":"parking_aisle"},"geometry":{"type":"LineString","coordinates":[[-88.315431,36.625531],[-88.315465,36.625218],[-88.315449,36.625015],[-88.315425,36.624707]]}}
]}
